id,rank,name,symbol,slug,is_active,first_historical_data,last_historical_data,platform
1,1,Bitcoin,BTC,bitcoin,1,2010-07-13T00:00:00.000Z,2023-06-07T04:29:00.000Z,
2,12,Litecoin,LTC,litecoin,1,2013-04-28T18:47:22.000Z,2023-06-07T04:29:00.000Z,
3,570,Namecoin,NMC,namecoin,1,2013-04-28T18:47:22.000Z,2023-06-07T04:29:00.000Z,
4,2026,Terracoin,TRC,terracoin,1,2013-04-28T18:47:22.000Z,2023-06-07T04:29:00.000Z,
5,769,Peercoin,PPC,peercoin,1,2013-04-28T18:47:23.000Z,2023-06-07T04:29:00.000Z,
6,2202,Novacoin,NVC,novacoin,1,2013-04-28T18:47:23.000Z,2023-06-07T04:29:00.000Z,
8,1542,Feathercoin,FTC,feathercoin,1,2013-05-03T03:25:15.000Z,2023-06-07T04:29:00.000Z,
10,2249,Freicoin,FRC,freicoin,1,2013-05-03T03:25:15.000Z,2023-06-07T04:29:00.000Z,
13,1780,Ixcoin,IXC,ixcoin,1,2013-05-08T05:20:18.000Z,2023-06-07T04:29:00.000Z,
16,4824,WorldCoin,WDC,worldcoin,1,2013-05-22T03:20:20.000Z,2023-06-07T04:29:00.000Z,
18,2349,Digitalcoin,DGC,digitalcoin,1,2013-06-09T17:55:21.000Z,2023-06-07T04:29:00.000Z,
25,1671,Goldcoin,GLC,goldcoin,1,2013-06-14T06:45:28.000Z,2023-06-07T04:29:00.000Z,
35,1386,Phoenixcoin,PXC,phoenixcoin,1,2013-07-04T05:15:49.000Z,2023-06-07T04:29:00.000Z,
42,1298,Primecoin,XPM,primecoin,1,2013-07-11T03:21:19.000Z,2023-06-07T04:29:00.000Z,
43,2448,Anoncoin,ANC,anoncoin,1,2013-07-15T01:31:35.000Z,2023-06-07T04:29:00.000Z,
45,5215,CasinoCoin,CSC,casinocoin,1,2013-07-25T03:06:28.000Z,2023-06-07T04:29:00.000Z,
52,6,XRP,XRP,xrp,1,2013-08-04T18:51:05.000Z,2023-06-07T04:29:00.000Z,
53,1817,Quark,QRK,quark,1,2013-08-25T17:46:22.000Z,2023-06-07T04:29:00.000Z,
56,2298,Zetacoin,ZET,zetacoin,1,2013-09-11T01:47:21.000Z,2023-06-07T04:29:00.000Z,
61,2145,TagCoin,TAG,tagcoin,1,2013-11-05T13:32:08.000Z,2023-06-07T04:29:00.000Z,
64,2330,Public Index Network,PIN,public-index-network,1,2013-11-27T06:01:46.000Z,2023-06-07T04:29:00.000Z,
66,1165,Nxt,NXT,nxt,1,2013-12-04T05:46:40.000Z,2023-06-07T04:29:00.000Z,
67,8081,Unobtanium,UNO,unobtanium,1,2013-12-21T18:17:35.000Z,2023-06-07T04:29:00.000Z,
69,2493,Datacoin,DTC,datacoin,1,2013-12-07T19:47:06.000Z,2023-06-07T04:29:00.000Z,
72,1919,Deutsche eMark,DEM,deutsche-emark,1,2013-12-15T01:52:15.000Z,2023-06-07T04:29:00.000Z,
74,8,Dogecoin,DOGE,dogecoin,1,2013-12-15T14:42:34.000Z,2023-06-07T04:29:00.000Z,
77,716,Diamond,DMD,diamond,1,2013-12-19T12:31:59.000Z,2023-06-07T04:29:00.000Z,
78,8722,HoboNickels,HBN,hobonickels,1,2013-12-20T13:32:39.000Z,2023-06-07T04:29:00.000Z,
80,1540,Orbitcoin,ORB,orbitcoin,1,2013-12-21T18:12:54.000Z,2023-06-07T04:29:00.000Z,
83,1468,Omni,OMNI,omni,1,2013-12-24T23:37:41.000Z,2023-06-07T04:29:00.000Z,
87,1599,FedoraCoin,TIPS,fedoracoin,1,2013-12-31T16:17:26.000Z,2023-06-07T04:29:00.000Z,
90,799,Dimecoin,DIME,dimecoin,1,2014-01-06T07:42:29.000Z,2023-06-07T04:29:00.000Z,
93,1362,42-coin,42,42-coin,1,2014-01-14T04:32:01.000Z,2023-06-07T04:29:00.000Z,
99,906,Vertcoin,VTC,vertcoin,1,2014-01-20T05:27:57.000Z,2023-06-07T04:29:00.000Z,
109,182,DigiByte,DGB,digibyte,1,2014-02-06T13:13:38.000Z,2023-06-07T04:29:00.000Z,
118,1128,ReddCoin,RDD,redd,1,2014-02-10T00:58:17.000Z,2023-06-07T04:29:00.000Z,
120,1445,KatKoyn,KAT,nyancoin,1,2014-02-10T00:58:19.000Z,2023-06-07T04:29:00.000Z,
122,1704,PotCoin,POT,potcoin,1,2014-02-10T04:23:33.000Z,2023-06-07T04:29:00.000Z,
128,2069,Maxcoin,MAX,maxcoin,1,2014-02-12T13:33:59.000Z,2023-06-07T04:29:00.000Z,
131,87,Dash,DASH,dash,1,2014-02-14T13:44:09.000Z,2023-06-07T04:29:00.000Z,
132,750,Counterparty,XCP,counterparty,1,2014-02-15T13:59:36.000Z,2023-06-07T04:29:00.000Z,
141,8723,MintCoin,MINT,mintcoin,1,2014-02-19T13:39:53.000Z,2023-06-07T04:29:00.000Z,
145,1984,DopeCoin,DOPE,dopecoin,1,2014-02-22T17:52:34.000Z,2023-06-07T04:29:00.000Z,
148,7559,Auroracoin,AUR,auroracoin,1,2014-02-27T05:33:27.000Z,2023-06-07T04:29:00.000Z,
154,4287,Marscoin,MARS,marscoin,1,2014-02-24T13:41:14.000Z,2023-06-07T04:29:00.000Z,
162,2842,Magic Internet Money,MIM,magic-internet-money,1,2014-03-12T05:27:57.000Z,2023-06-07T04:30:00.000Z,
168,7716,Uniform Fiscal Object,UFO,uniform-fiscal-object,1,2014-02-27T05:33:35.000Z,2023-06-07T04:29:00.000Z,
170,1433,BlackCoin,BLK,blackcoin,1,2014-02-28T05:13:44.000Z,2023-06-07T04:29:00.000Z,
182,2041,Myriad,XMY,myriad,1,2014-03-08T15:56:28.000Z,2023-06-07T04:29:00.000Z,
184,2595,DNotes,NOTE,dnotes,1,2014-03-08T15:56:28.000Z,2023-06-07T04:29:00.000Z,
201,1283,Einsteinium,EMC2,einsteinium,1,2014-04-09T04:10:24.000Z,2023-06-07T04:29:00.000Z,
213,538,MonaCoin,MONA,monacoin,1,2014-03-20T05:09:55.000Z,2023-06-07T04:29:00.000Z,
215,8724,Rubycoin,RBY,rubycoin,1,2014-03-20T05:09:56.000Z,2023-06-07T04:29:00.000Z,
217,2468,Bela,BELA,belacoin,1,2014-03-20T05:10:07.000Z,2023-06-07T04:29:00.000Z,"{'id': 1027, 'name': 'Ethereum', 'symbol': 'ETH', 'slug': 'ethereum', 'token_address': '0x2e98a6804e4b6c832ed0ca876a943abd3400b224'}"
254,1829,MUNT,MUNT,gulden,1,2014-04-08T04:11:00.000Z,2023-06-07T04:29:00.000Z,
258,496,Groestlcoin,GRS,groestlcoin,1,2014-04-11T20:45:53.000Z,2023-06-07T04:29:00.000Z,
260,1574,PetroDollar,XPD,petrodollar,1,2014-04-15T04:36:55.000Z,2023-06-07T04:29:00.000Z,
263,2565,PLNcoin,PLNC,plncoin,1,2014-04-15T04:36:58.000Z,2023-06-07T04:29:00.000Z,
268,557,WhiteCoin,XWC,whitecoin,1,2014-04-18T12:12:07.000Z,2023-06-07T04:29:00.000Z,
276,2070,Bitstar,BITS,bitstar,1,2014-04-23T12:01:13.000Z,2023-06-07T04:29:00.000Z,
278,2506,Quebecoin,QBC,quebecoin,1,2014-04-23T12:01:15.000Z,2023-06-07T04:29:00.000Z,
290,2047,BlueCoin,BLU,bluecoin,1,2014-04-28T03:21:26.000Z,2023-06-07T04:29:00.000Z,
291,6540,MaidSafeCoin,MAID,maidsafecoin,1,2014-04-28T03:21:26.000Z,2023-06-07T04:29:00.000Z,
293,1546,Bitcoin Plus,XBC,bitcoin-plus,1,2014-05-04T01:31:45.000Z,2023-06-07T04:29:00.000Z,
298,1323,NewYorkCoin,NYC,newyorkcoin,1,2014-05-06T12:17:49.000Z,2023-06-07T04:29:00.000Z,
313,2194,Pinkcoin,PINK,pinkcoin,1,2014-05-11T17:08:10.000Z,2023-06-07T04:29:00.000Z,
316,2454,Dreamcoin,DRM,dreamcoin,1,2014-05-13T04:03:16.000Z,2023-06-07T04:29:00.000Z,
328,24,Monero,XMR,monero,1,2014-05-21T01:41:13.000Z,2023-06-07T04:29:00.000Z,
333,2063,Curecoin,CURE,curecoin,1,2014-05-26T18:12:11.000Z,2023-06-07T04:29:00.000Z,
360,2009,Motocoin,MOTO,motocoin,1,2014-06-03T12:47:54.000Z,2023-06-07T04:29:00.000Z,
362,1557,CloakCoin,CLOAK,cloakcoin,1,2014-06-07T00:08:01.000Z,2023-06-07T04:29:00.000Z,
366,2486,BitSend,BSD,bitsend,1,2014-06-08T14:20:12.000Z,2023-06-07T04:29:00.000Z,
367,2422,Coin2.1,C2,coin2-1,1,2014-06-08T14:20:12.000Z,2023-06-07T04:29:00.000Z,
372,899,Bytecoin,BCN,bytecoin-bcn,1,2014-06-17T13:01:53.000Z,2023-06-07T04:29:00.000Z,
377,1039,Navcoin,NAV,nav-coin,1,2014-06-12T11:43:36.000Z,2023-06-07T04:29:00.000Z,
389,2479,Startcoin,START,startcoin,1,2014-06-15T14:58:33.000Z,2023-06-07T04:29:00.000Z,
405,1863,DigitalNote,XDN,digitalnote,1,2014-06-24T12:58:43.000Z,2023-06-07T04:29:00.000Z,
416,1891,HempCoin,THC,hempcoin,1,2014-06-28T16:33:33.000Z,2023-06-07T04:29:00.000Z,
448,1511,Stealth,XST,stealth,1,2014-07-10T12:16:32.000Z,2023-06-07T04:29:00.000Z,
460,8623,Clams,CLAM,clams,1,2014-08-26T02:34:53.000Z,2023-06-07T04:29:00.000Z,
463,545,BitShares,BTS,bitshares,1,2014-07-21T03:44:18.000Z,2023-06-07T04:29:00.000Z,
470,1460,Viacoin,VIA,viacoin,1,2014-07-18T12:24:19.000Z,2023-06-07T04:29:00.000Z,
501,1982,Cryptonite,XCN,cryptonite,1,2014-08-02T21:19:20.000Z,2023-06-07T04:29:00.000Z,
502,1005,Carboncoin,CARBON,carboncoin,1,2014-08-02T21:19:20.000Z,2023-06-07T04:29:00.000Z,
506,1681,CannabisCoin,CANN,cannabiscoin,1,2014-08-02T22:04:20.000Z,2023-06-07T04:29:00.000Z,
512,26,Stellar,XLM,stellar,1,2014-08-05T05:44:19.000Z,2023-06-07T04:29:00.000Z,
541,259,Syscoin,SYS,syscoin,1,2014-08-20T11:04:21.000Z,2023-06-07T04:29:00.000Z,
551,2590,Donu,DONU,donu,1,2014-08-26T02:34:57.000Z,2023-06-07T04:29:00.000Z,
558,1278,Emercoin,EMC,emercoin,1,2014-08-23T21:24:22.000Z,2023-06-07T04:29:00.000Z,
572,8725,RabbitCoin,RBBT,rabbitcoin,1,2014-08-30T22:24:22.000Z,2023-06-07T04:29:00.000Z,
576,1229,GameCredits,GAME,gamecredits,1,2014-09-01T16:54:21.000Z,2023-06-07T04:29:00.000Z,"{'id': 1027, 'name': 'Ethereum', 'symbol': 'ETH', 'slug': 'ethereum', 'token_address': '0x63f88a2298a5c4aee3c216aa6d926b184a4b2437'}"
584,2140,NativeCoin,N8V,native-coin,1,2014-09-06T15:54:23.000Z,2023-06-07T04:29:00.000Z,
588,1454,Ubiq,UBQ,ubiq,1,2014-09-07T21:39:22.000Z,2023-06-07T04:29:00.000Z,
597,2313,Opal,OPAL,opal,1,2014-09-13T17:14:25.000Z,2023-06-07T04:29:00.000Z,
601,2532,Acoin,ACOIN,acoin,1,2014-09-13T19:44:22.000Z,2023-06-07T04:29:00.000Z,
624,1013,bitCNY,BITCNY,bitcny,1,2014-09-23T04:24:22.000Z,2023-06-07T04:29:00.000Z,
638,1807,Trollcoin,TROLL,trollcoin,1,2014-09-30T07:54:22.000Z,2023-06-07T04:29:00.000Z,
644,1450,GlobalBoost-Y,BSTY,globalboost-y,1,2014-10-03T12:39:24.000Z,2023-06-07T04:29:00.000Z,
656,2545,Prime-XI,PXI,prime-xi,1,2014-10-04T20:54:34.000Z,2023-06-07T04:29:00.000Z,
659,1559,Bitswift,BITS,bitswift,1,2014-10-05T17:44:24.000Z,2023-06-07T04:29:00.000Z,
693,491,Verge,XVG,verge,1,2014-10-25T22:14:26.000Z,2023-06-07T04:29:00.000Z,
702,2544,SpreadCoin,SPR,spreadcoin,1,2014-10-26T23:24:27.000Z,2023-06-07T04:29:00.000Z,
703,2276,Rimbit,RBT,rimbit,1,2014-10-26T23:24:28.000Z,2023-06-07T04:29:00.000Z,
707,1535,Blocknet,BLOCK,blocknet,1,2014-11-01T21:19:26.000Z,2023-06-07T04:29:00.000Z,
720,1944,Crown,CRW,crown,1,2014-11-08T22:54:25.000Z,2023-06-07T04:29:00.000Z,
730,2411,GCN Coin,GCN,gcn-coin,1,2014-11-16T23:54:26.000Z,2023-06-07T04:29:00.000Z,
733,8726,Quotient,XQN,quotient,1,2014-11-23T20:09:28.000Z,2023-06-07T04:29:00.000Z,
760,1657,Okcash,OK,okcash,1,2014-12-14T03:29:25.000Z,2023-06-07T04:29:00.000Z,
764,2362,PayCoin,XPY,paycoin2,1,2014-12-16T05:34:25.000Z,2023-06-07T04:29:00.000Z,
788,680,Circuits of Value,COVAL,circuits-of-value,1,2015-01-23T13:39:23.000Z,2023-06-07T04:29:00.000Z,"{'id': 1027, 'name': 'Ethereum', 'symbol': 'ETH', 'slug': 'ethereum', 'token_address': '0x3d658390460295fb963f54dc0899cfb1c30776df'}"
789,943,Nexus,NXS,nexus,1,2015-01-25T18:54:23.000Z,2023-06-07T04:29:00.000Z,
799,1444,SmileyCoin,SMLY,smileycoin,1,2015-01-28T04:49:22.000Z,2023-06-07T04:29:00.000Z,
815,2093,Kobocoin,KOBO,kobocoin,1,2015-02-15T15:14:25.000Z,2023-06-07T04:29:00.000Z,
819,2008,Bean Cash,BITB,bean-cash,1,2015-02-18T13:19:25.000Z,2023-06-07T04:29:00.000Z,
825,3,Tether,USDT,tether,1,2015-02-25T13:34:26.000Z,2023-06-07T04:29:00.000Z,"{'id': 1027, 'name': 'Ethereum', 'symbol': 'ETH', 'slug': 'ethereum', 'token_address': '0xdac17f958d2ee523a2206206994597c13d831ec7'}"
831,2591,Wild Beast Block,WBB,wild-beast-block,1,2015-02-28T17:14:25.000Z,2023-06-07T04:29:00.000Z,
833,983,Gridcoin,GRC,gridcoin,1,2015-02-28T18:24:26.000Z,2023-06-07T04:29:00.000Z,
837,2427,X-Coin,XCO,x-coin,1,2015-03-06T04:34:28.000Z,2023-06-07T04:29:00.000Z,
853,2311,LiteDoge,LDOGE,litedoge,1,2015-03-19T05:34:27.000Z,2023-06-07T04:29:00.000Z,
857,2510,SongCoin,SONG,songcoin,1,2015-03-23T01:59:27.000Z,2023-06-07T04:29:00.000Z,
859,1202,Woodcoin,LOG,woodcoin,1,2015-03-23T02:04:27.000Z,2023-06-07T04:29:00.000Z,
873,107,NEM,XEM,nem,1,2015-04-01T00:29:41.000Z,2023-06-07T04:29:00.000Z,
894,2367,Neutron,NTRN,neutron,1,2015-04-21T12:14:28.000Z,2023-06-07T04:29:00.000Z,
895,1301,Xaurum,XAUR,xaurum,1,2015-04-21T12:19:28.000Z,2023-06-07T04:29:00.000Z,"{'id': 1027, 'name': 'Ethereum', 'symbol': 'ETH', 'slug': 'ethereum', 'token_address': '0x4DF812F6064def1e5e029f1ca858777CC98D2D81'}"
898,2536,Californium,CF,californium,1,2015-04-21T12:14:28.000Z,2023-06-07T04:29:00.000Z,
911,8727,Advanced Internet Blocks,AIB,advanced-internet-blocks,1,2015-04-30T04:24:26.000Z,2023-06-07T04:29:00.000Z,
916,2451,MedicCoin,MEDIC,mediccoin,1,2015-05-04T03:19:25.000Z,2023-06-07T04:29:00.000Z,
918,8728,Bubble,BUB,bubble,1,2015-05-07T03:04:26.000Z,2023-06-07T04:29:00.000Z,
921,2401,Universal Currency,UNIT,universal-currency,1,2015-05-07T03:04:26.000Z,2023-06-07T04:29:00.000Z,
934,2495,ParkByte,PKB,parkbyte,1,2015-05-19T00:34:26.000Z,2023-06-07T04:29:00.000Z,
938,2546,ARbit,ARB,arbit,1,2015-05-21T04:14:25.000Z,2023-06-07T04:29:00.000Z,
945,2237,Bata,BTA,bata,1,2015-05-29T11:44:27.000Z,2023-06-07T04:29:00.000Z,
948,1871,AudioCoin,ADC,audiocoin,1,2015-06-05T12:59:27.000Z,2023-06-07T04:29:00.000Z,
951,2096,Synergy,SNRG,synergy,1,2015-06-08T04:44:28.000Z,2023-06-07T04:29:00.000Z,
978,2357,Ratecoin,XRA,ratecoin,1,2015-06-26T12:34:27.000Z,2023-06-07T04:29:00.000Z,
986,2499,CrevaCoin,CREVA,crevacoin,1,2015-07-07T15:49:27.000Z,2023-06-07T04:29:00.000Z,
993,2507,BowsCoin,BSC,bowscoin,1,2015-07-13T20:39:31.000Z,2023-06-07T04:29:00.000Z,
1004,4478,HNC COIN,HNC,hnccoin,1,2015-07-21T16:39:28.000Z,2023-06-07T04:29:00.000Z,
1019,729,Manna,MANNA,manna,1,2015-07-27T15:54:27.000Z,2023-06-07T04:29:00.000Z,
1020,8729,Axiom,AXIOM,axiom,1,2015-07-30T03:04:30.000Z,2023-06-07T04:29:00.000Z,
1026,1413,Aeon,AEON,aeon,1,2015-08-04T18:09:29.000Z,2023-06-07T04:29:00.000Z,
1027,2,Ethereum,ETH,ethereum,1,2015-08-07T14:49:30.000Z,2023-06-07T04:29:00.000Z,
1032,1616,TransferCoin,TX,transfercoin,1,2015-08-21T02:09:30.000Z,2023-06-07T04:29:00.000Z,
1033,2416,GuccioneCoin,GCC,guccionecoin,1,2015-08-21T02:09:30.000Z,2023-06-07T04:29:00.000Z,
1035,2467,AmsterdamCoin,AMS,amsterdamcoin,1,2015-08-21T02:09:30.000Z,2023-06-07T04:29:00.000Z,
1037,886,Agoras: Currency of Tau,AGRS,agoras-tokens,1,2015-08-24T02:49:28.000Z,2023-06-07T04:29:00.000Z,"{'id': 1027, 'name': 'Ethereum', 'symbol': 'ETH', 'slug': 'ethereum', 'token_address': '0x738865301a9b7dd80dc3666dd48cf034ec42bdda'}"
1038,2469,Eurocoin,EUC,eurocoin,1,2015-08-24T02:49:28.000Z,2023-06-07T04:29:00.000Z,
1042,160,Siacoin,SC,siacoin,1,2015-08-26T18:19:28.000Z,2023-06-07T04:29:00.000Z,
1044,172,Global Currency Reserve,GCR,global-currency-reserve,1,2015-08-26T18:19:28.000Z,2023-06-07T04:29:00.000Z,
1052,2558,VectorAI,VEC2,vector,1,2015-09-04T16:39:29.000Z,2023-06-07T04:29:00.000Z,
1053,2283,Bolivarcoin,BOLI,bolivarcoin,1,2015-09-08T21:29:25.000Z,2023-06-07T04:29:00.000Z,
1066,1803,Pakcoin,PAK,pakcoin,1,2015-09-15T20:04:27.000Z,2023-06-07T04:29:00.000Z,
1070,2335,Expanse,EXP,expanse,1,2015-09-15T20:04:27.000Z,2023-06-07T04:29:00.000Z,
1082,1146,SIBCoin,SIB,sibcoin,1,2015-09-25T22:19:29.000Z,2023-06-07T04:29:00.000Z,
1085,2118,Swing,SWING,swing,1,2015-09-28T15:44:31.000Z,2023-06-07T04:29:00.000Z,
1090,2608,Save and Gain,SANDG,save-and-gain,1,2015-10-12T16:30:37.000Z,2023-06-07T04:29:00.000Z,
1104,321,Augur,REP,augur,1,2015-10-27T17:14:30.000Z,2023-06-07T04:29:00.000Z,"{'id': 1027, 'name': 'Ethereum', 'symbol': 'ETH', 'slug': 'ethereum', 'token_address': '0x1985365e9f78359a9B6AD760e32412f4a445E862'}"
1106,1566,StrongHands,SHND,stronghands,1,2015-10-30T18:09:28.000Z,2023-06-07T04:29:00.000Z,
1107,1484,PAC Protocol,PAC,pac-protocol,1,2015-11-02T21:59:27.000Z,2023-06-07T04:29:00.000Z,
1120,1761,DraftCoin,DFT,draftcoin,1,2015-11-23T19:59:28.000Z,2023-06-07T04:29:00.000Z,
1135,8730,ClubCoin,CLUB,clubcoin,1,2015-12-21T17:49:32.000Z,2023-06-07T04:29:00.000Z,
1136,2396,Adzcoin,ADZ,adzcoin,1,2015-12-26T00:39:30.000Z,2023-06-07T04:29:00.000Z,
1146,8731,AvatarCoin,AV,avatarcoin,1,2016-01-05T18:30:15.000Z,2023-06-07T04:29:00.000Z,
1154,820,Validity,VAL,validity,1,2016-01-18T07:54:28.000Z,2023-06-07T04:29:00.000Z,
1155,2515,Litecred,LTCR,litecred,1,2016-01-21T15:59:29.000Z,2023-06-07T04:29:00.000Z,
1156,2366,Yocoin,YOC,yocoin,1,2016-01-21T17:00:21.000Z,2023-06-07T04:29:00.000Z,
1159,8732,SaluS,SLS,salus,1,2016-01-22T17:39:30.000Z,2023-06-07T04:29:00.000Z,
1164,8733,Francs,FRN,francs,1,2016-01-31T08:44:26.000Z,2023-06-07T04:29:00.000Z,
1165,2247,Evil Coin,EVIL,evil-coin,1,2016-01-31T08:44:27.000Z,2023-06-07T04:29:00.000Z,
1168,134,Decred,DCR,decred,1,2016-02-10T19:59:29.000Z,2023-06-07T04:29:00.000Z,
1169,648,PIVX,PIVX,pivx,1,2016-02-13T21:14:26.000Z,2023-06-07T04:29:00.000Z,
1172,1215,Safex Token,SFT,safex-token,1,2016-02-16T19:25:13.000Z,2023-06-07T04:29:00.000Z,
1175,2314,Rubies,RBIES,rubies,1,2016-02-22T19:14:29.000Z,2023-06-07T04:29:00.000Z,
1185,2074,FreedomCoin,FREED,freedomcoin-freed,1,2016-03-01T05:59:29.000Z,2023-06-07T04:29:00.000Z,
1191,1394,Memetic / PepeCoin,MEME,memetic,1,2016-03-14T07:34:26.000Z,2023-06-07T04:29:00.000Z,
1194,2547,Independent Money System,IMS,independent-money-system,1,2016-03-18T23:09:28.000Z,2023-06-07T04:29:00.000Z,
1200,2371,NevaCoin,NEVA,nevacoin,1,2016-03-22T20:01:24.000Z,2023-06-07T04:29:00.000Z,
1209,2425,PosEx,PEX,posex,1,2016-04-04T22:20:17.000Z,2023-06-07T04:29:00.000Z,
1210,2550,Cabbage,CAB,cabbage,1,2016-04-04T22:20:16.000Z,2023-06-07T04:29:00.000Z,
1212,2355,MojoCoin,MOJO,mojocoin,1,2016-04-06T19:34:29.000Z,2023-06-07T04:29:00.000Z,
1214,194,Lisk,LSK,lisk,1,2016-04-06T20:19:57.000Z,2023-06-07T04:29:00.000Z,
1216,2502,EDRCoin,EDRC,edrcoin,1,2016-04-08T17:24:28.000Z,2023-06-07T04:29:00.000Z,
1218,2402,PostCoin,POST,postcoin,1,2016-04-08T17:24:28.000Z,2023-06-07T04:29:00.000Z,
1223,2429,BERNcash,BERN,berncash,1,2016-04-11T07:04:29.000Z,2023-06-07T04:29:00.000Z,
1229,925,DigixDAO,DGD,digixdao,1,2016-04-18T16:19:31.000Z,2023-06-07T04:29:00.000Z,"{'id': 1027, 'name': 'Ethereum', 'symbol': 'ETH', 'slug': 'ethereum', 'token_address': '0xe0b7927c4af23765cb51314a0e0521a9645f0e2a'}"
1230,294,Steem,STEEM,steem,1,2016-04-18T16:19:31.000Z,2023-06-07T04:29:00.000Z,
1241,2472,FuzzBalls,FUZZ,fuzzballs,1,2016-05-01T00:05:18.000Z,2023-06-07T04:29:00.000Z,
1244,1375,HiCoin,XHI,hicoin,1,2016-05-04T00:04:46.000Z,2023-06-07T04:29:00.000Z,
1247,2097,AquariusCoin,ARCO,aquariuscoin,1,2016-05-04T00:04:47.000Z,2023-06-07T04:29:00.000Z,
1248,2513,Bitcoin 21,XBTC21,bitcoin-21,1,2016-05-05T17:59:31.000Z,2023-06-07T04:29:00.000Z,
1250,8734,Zurcoin,ZUR,zurcoin,1,2016-05-09T23:04:31.000Z,2023-06-07T04:29:00.000Z,
1252,2079,2GIVE,2GIVE,2give,1,2016-05-16T18:14:29.000Z,2023-06-07T04:29:00.000Z,
1254,1917,PlatinumBAR,XPTX,platinumbar,1,2016-05-17T16:49:29.000Z,2023-06-07T04:29:00.000Z,
1257,1121,LanaCoin,LANA,lanacoin,1,2016-05-18T22:34:30.000Z,2023-06-07T04:29:00.000Z,
1259,2619,PonziCoin,PONZI,ponzicoin,1,2016-05-18T22:34:30.000Z,2023-06-07T04:29:00.000Z,
1273,2257,Citadel,CTL,citadel,1,2016-06-02T14:49:29.000Z,2023-06-07T04:29:00.000Z,
1274,145,Waves,WAVES,waves,1,2016-06-02T21:14:30.000Z,2023-06-07T04:29:00.000Z,
1279,1995,PWR Coin,PWR,powercoin,1,2016-06-04T13:14:29.000Z,2023-06-07T04:29:00.000Z,
1281,2321,ION,ION,ion,1,2016-06-08T22:14:29.000Z,2023-06-07T04:29:00.000Z,
1282,2585,High Voltage,HVCO,high-voltage,1,2016-06-08T22:14:29.000Z,2023-06-07T04:29:00.000Z,
1285,2382,GoldBlocks,GB,goldblocks,1,2016-06-14T17:19:31.000Z,2023-06-07T04:29:00.000Z,
1291,2587,Comet,CMT,comet,1,2016-06-26T19:39:29.000Z,2023-06-07T04:29:00.000Z,
1297,1827,ChessCoin,CHESS,chesscoin,1,2016-07-02T03:40:41.000Z,2023-06-07T04:29:00.000Z,
1298,881,LBRY Credits,LBC,library-credits,1,2016-07-07T05:24:28.000Z,2023-06-07T04:29:00.000Z,
1299,1431,PUTinCoin,PUT,putincoin,1,2016-07-07T05:24:28.000Z,2023-06-07T04:29:00.000Z,
1306,2133,Cryptojacks,CJ,cryptojacks,1,2016-07-11T19:14:32.000Z,2023-06-07T04:29:00.000Z,
1312,519,Steem Dollars,SBD,steem-dollars,1,2016-07-18T20:54:29.000Z,2023-06-07T04:29:00.000Z,
1320,313,Ardor,ARDR,ardor,1,2016-07-23T14:40:05.000Z,2023-06-07T04:29:00.000Z,
1321,25,Ethereum Classic,ETC,ethereum-classic,1,2016-07-24T13:44:30.000Z,2023-06-07T04:29:00.000Z,
1340,1725,Karbo,KRB,karbo,1,2016-08-12T01:45:57.000Z,2023-06-07T04:29:00.000Z,
1343,319,Stratis,STRAX,stratis,1,2016-08-12T01:45:56.000Z,2023-06-07T04:29:00.000Z,
1351,8735,Aces,ACES,aces,1,2016-08-19T17:29:31.000Z,2023-06-07T04:29:00.000Z,
1353,2450,TajCoin,TAJ,tajcoin,1,2016-08-19T17:29:31.000Z,2023-06-07T04:29:00.000Z,
1368,2562,Veltor,VLT,veltor,1,2016-09-03T22:19:32.000Z,2023-06-07T04:29:00.000Z,
1376,63,Neo,NEO,neo,1,2016-09-09T03:09:33.000Z,2023-06-07T04:29:00.000Z,
1382,6201,NoLimitCoin,NLC,nolimitcoin,1,2016-09-12T18:19:35.000Z,2023-06-07T04:29:00.000Z,
1389,2556,Zayedcoin,ZYD,zayedcoin,1,2016-09-17T22:55:32.000Z,2023-06-07T04:29:00.000Z,
1392,627,Pluton,PLU,pluton,1,2016-09-17T22:59:34.000Z,2023-06-07T04:29:00.000Z,"{'id': 1027, 'name': 'Ethereum', 'symbol': 'ETH', 'slug': 'ethereum', 'token_address': '0xd8912c10681d8b21fd3742244f44658dba12264e'}"
1395,2497,Dollarcoin,DLC,dollarcoin,1,2016-09-21T21:29:34.000Z,2023-06-07T04:29:00.000Z,
1396,2476,MustangCoin,MST,mustangcoin,1,2016-09-21T21:29:34.000Z,2023-06-07T04:29:00.000Z,
1414,604,Firo,FIRO,firo,1,2016-10-06T20:34:49.000Z,2023-06-07T04:29:00.000Z,
1437,78,Zcash,ZEC,zcash,1,2016-10-29T15:19:32.000Z,2023-06-07T04:29:00.000Z,
1439,2484,AllSafe,ASAFE,allsafe,1,2016-10-29T16:41:11.000Z,2023-06-07T04:29:00.000Z,
1447,1769,ZClassic,ZCL,zclassic,1,2016-11-10T00:19:32.000Z,2023-06-07T04:29:00.000Z,
1455,142,Golem,GLM,golem-network-tokens,1,2016-11-18T07:34:31.000Z,2023-06-07T04:29:00.000Z,
1466,1774,Hush,HUSH,hush,1,2016-12-01T19:32:30.000Z,2023-06-07T04:29:00.000Z,
1468,2234,Kurrent,KURT,kurrent,1,2016-12-01T19:32:30.000Z,2023-06-07T04:29:00.000Z,
1473,1789,Pascal,PASC,pascal,1,2016-12-07T02:21:01.000Z,2023-06-07T04:29:00.000Z,
1474,2138,Eternity,ENT,eternity,1,2016-12-07T02:21:01.000Z,2023-06-07T04:29:00.000Z,
1492,822,Obyte,GBYTE,obyte,1,2016-12-27T20:54:34.000Z,2023-06-07T04:29:00.000Z,
1495,2171,PoSW Coin,POSW,posw-coin,1,2017-01-03T16:44:36.000Z,2023-06-07T04:29:00.000Z,
1500,1739,Wings,WINGS,wings,1,2017-01-11T15:04:34.000Z,2023-06-07T04:29:00.000Z,"{'id': 1027, 'name': 'Ethereum', 'symbol': 'ETH', 'slug': 'ethereum', 'token_address': '0x667088b212ce3d06a1b553a7221E1fD19000d9aF'}"
1503,3308,Jupiter,JUP,jupiter,1,2017-01-12T04:29:34.000Z,2023-06-07T04:29:00.000Z,
1505,8325,Alias,ALIAS,alias,1,2017-01-14T22:50:12.000Z,2023-06-07T04:29:00.000Z,
1511,2352,PureVidz,VIDZ,purevidz,1,2017-01-19T22:54:34.000Z,2023-06-07T04:29:00.000Z,
1514,2387,ICOBID,ICOB,icobid,1,2017-01-20T18:39:34.000Z,2023-06-07T04:29:00.000Z,
1515,2574,iBank,IBANK,ibank,1,2017-01-23T23:45:05.000Z,2023-06-07T04:29:00.000Z,
1518,67,Maker,MKR,maker,1,2017-01-29T19:19:37.000Z,2023-06-07T04:29:00.000Z,"{'id': 1027, 'name': 'Ethereum', 'symbol': 'ETH', 'slug': 'ethereum', 'token_address': '0x9f8f72aa9304c8b593d555f12ef6589cc3a579a2'}"
1521,444,Komodo,KMD,komodo,1,2017-02-05T23:49:46.000Z,2023-06-07T04:29:00.000Z,
1522,2457,FirstCoin,FRST,firstcoin,1,2017-02-05T23:49:45.000Z,2023-06-07T04:29:00.000Z,
1528,2578,Iconic,ICON,iconic,1,2017-02-08T22:29:38.000Z,2023-06-07T04:29:00.000Z,
1546,1117,Centurion,CNT,centurion,1,2017-02-22T00:44:36.000Z,2023-06-07T04:29:00.000Z,
1552,439,Enzyme,MLN,enzyme,1,2017-02-22T00:44:37.000Z,2023-06-07T04:29:00.000Z,"{'id': 1027, 'name': 'Ethereum', 'symbol': 'ETH', 'slug': 'ethereum', 'token_address': '0xec67005c4e498ec7f55e092bd1d35cbc47c91892'}"
1556,670,Chrono.tech,TIME,chrono-tech,1,2017-02-27T11:54:37.000Z,2023-06-07T04:29:00.000Z,"{'id': 1027, 'name': 'Ethereum', 'symbol': 'ETH', 'slug': 'ethereum', 'token_address': '0x485d17A6f1B8780392d53D64751824253011A260'}"
1558,2621,Argus,ARGUS,argus,1,2017-02-26T18:19:40.000Z,2023-06-07T04:29:00.000Z,
1562,1918,Swarm City,SWT,swarm-city,1,2017-03-03T22:04:43.000Z,2023-06-07T04:29:00.000Z,"{'id': 1027, 'name': 'Ethereum', 'symbol': 'ETH', 'slug': 'ethereum', 'token_address': '0xb9e7f8568e08d5659f5d29c4997173d84cdf2607'}"
1567,256,Nano,XNO,nano,1,2017-03-07T00:34:45.000Z,2023-06-07T04:29:00.000Z,
1578,2046,Zero,ZER,zero,1,2017-03-20T21:49:48.000Z,2023-06-07T04:29:00.000Z,
1582,1993,Netko,NETKO,netko,1,2017-03-20T21:49:50.000Z,2023-06-07T04:29:00.000Z,
1586,397,Ark,ARK,ark,1,2017-03-22T14:19:45.000Z,2023-06-07T04:29:00.000Z,
1588,1588,Tokes,TKS,tokes,1,2017-03-26T16:54:44.000Z,2023-06-07T04:29:00.000Z,
1596,1406,Edgeless,EDG,edgeless,1,2017-03-30T21:24:44.000Z,2023-06-07T04:29:00.000Z,"{'id': 1027, 'name': 'Ethereum', 'symbol': 'ETH', 'slug': 'ethereum', 'token_address': '0x08711d3b02c8758f2fb3ab4e80228418a7f8e39c'}"
1609,2177,Asch,XAS,asch,1,2017-04-01T21:40:14.000Z,2023-06-07T04:29:00.000Z,
1619,1086,Skycoin,SKY,skycoin,1,2017-04-17T17:59:45.000Z,2023-06-07T04:29:00.000Z,
1623,8736,BlazerCoin,BLAZR,blazercoin,1,2017-04-17T19:14:50.000Z,2023-06-07T04:29:00.000Z,
1624,2207,Atmos,ATMOS,atmos,1,2017-04-17T19:34:53.000Z,2023-06-07T04:29:00.000Z,"{'id': 1765, 'name': 'EOS', 'symbol': 'EOS', 'slug': 'eos', 'token_address': 'ATMOS-eos-novusphereio'}"
1629,1864,Zennies,ZENI,zennies,1,2017-04-18T00:04:49.000Z,2023-06-07T04:29:00.000Z,
1630,2564,Coinonat,CXT,coinonat,1,2017-04-17T23:34:46.000Z,2023-06-07T04:29:00.000Z,
1632,2614,Concoin,CONX,concoin,1,2017-04-18T00:04:49.000Z,2023-06-07T04:29:00.000Z,
1636,1456,XTRABYTES,XBY,xtrabytes,1,2017-04-20T21:24:51.000Z,2023-06-07T04:29:00.000Z,
1637,200,iExec RLC,RLC,rlc,1,2017-04-20T21:49:49.000Z,2023-06-07T04:29:00.000Z,"{'id': 1027, 'name': 'Ethereum', 'symbol': 'ETH', 'slug': 'ethereum', 'token_address': '0x607f4c5bb672230e8672085532f7e901544a7375'}"
1638,2013,WeTrust,TRST,trust,1,2017-04-20T21:59:47.000Z,2023-06-07T04:29:00.000Z,"{'id': 1027, 'name': 'Ethereum', 'symbol': 'ETH', 'slug': 'ethereum', 'token_address': '0xcb94be6f13a1182e4a4b6140cb7bf2025d28e41b'}"
1651,2523,SpeedCash,SCS,speedcash,1,2017-04-27T20:09:58.000Z,2023-06-07T04:29:00.000Z,"{'id': 1027, 'name': 'Ethereum', 'symbol': 'ETH', 'slug': 'ethereum', 'token_address': '0x81995ff7AEe5c780192b47e0B42a7a86692d1415'}"
1654,1570,BitCore,BTX,bitcore,1,2017-04-27T21:24:52.000Z,2023-06-07T04:29:00.000Z,
1657,2569,Bitvolt,VOLT,bitvolt,1,2017-04-30T17:54:54.000Z,2023-06-07T04:29:00.000Z,
1658,2250,Lunyr,LUN,lunyr,1,2017-05-01T13:29:54.000Z,2023-06-07T04:29:00.000Z,"{'id': 1027, 'name': 'Ethereum', 'symbol': 'ETH', 'slug': 'ethereum', 'token_address': '0xfa05A73FfE78ef8f1a739473e462c54bae6567D9'}"
1659,106,Gnosis,GNO,gnosis-gno,1,2017-05-01T20:09:54.000Z,2023-06-07T04:29:00.000Z,"{'id': 1027, 'name': 'Ethereum', 'symbol': 'ETH', 'slug': 'ethereum', 'token_address': '0x6810e776880c02933d47db1b9fc05908e5386b96'}"
1660,1148,Monolith,TKN,monolith,1,2017-05-07T14:04:49.000Z,2023-06-07T04:29:00.000Z,"{'id': 1027, 'name': 'Ethereum', 'symbol': 'ETH', 'slug': 'ethereum', 'token_address': '0xaaaf91d9b90df800df4f55c205fd6989c977e73a'}"
1669,1610,Humaniq,HMQ,humaniq,1,2017-05-11T21:19:54.000Z,2023-06-07T04:29:00.000Z,"{'id': 1027, 'name': 'Ethereum', 'symbol': 'ETH', 'slug': 'ethereum', 'token_address': '0xcbcc0f036ed4788f63fc0fee32873d6a7487b908'}"
1674,268,Cannation,CNNC,cannation,1,2017-05-13T18:09:54.000Z,2023-06-07T04:29:00.000Z,
1678,2223,InsaneCoin,INSN,insanecoin-insn,1,2017-05-17T15:09:51.000Z,2023-06-07T04:29:00.000Z,
1680,170,Aragon,ANT,aragon,1,2017-05-18T21:29:54.000Z,2023-06-07T04:29:00.000Z,"{'id': 1027, 'name': 'Ethereum', 'symbol': 'ETH', 'slug': 'ethereum', 'token_address': '0xa117000000f279d81a1d3cc75430faa017fa5a2e'}"
1681,793,PRIZM,PZM,prizm,1,2017-05-19T13:54:52.000Z,2023-06-07T04:29:00.000Z,
1684,111,Qtum,QTUM,qtum,1,2017-05-24T15:19:53.000Z,2023-06-07T04:29:00.000Z,
1693,2395,Theresa May Coin,MAY,theresa-may-coin,1,2017-05-30T20:29:50.000Z,2023-06-07T04:29:00.000Z,
1694,1521,Sumokoin,SUMO,sumokoin,1,2017-05-30T20:44:55.000Z,2023-06-07T04:29:00.000Z,
1697,104,Basic Attention Token,BAT,basic-attention-token,1,2017-06-01T05:14:54.000Z,2023-06-07T04:29:00.000Z,"{'id': 1027, 'name': 'Ethereum', 'symbol': 'ETH', 'slug': 'ethereum', 'token_address': '0x0d8775f648430679a709e98d2b0cb6250d2887ef'}"
1698,196,Horizen,ZEN,horizen,1,2017-06-01T16:14:53.000Z,2023-06-07T04:29:00.000Z,
1700,598,Ã†ternity,AE,aeternity,1,2017-06-01T16:39:55.000Z,2023-06-07T04:29:00.000Z,
1701,8520,ScooterCoin,SCOOT,scootercoin,1,2017-06-01T17:44:53.000Z,2023-06-07T04:29:00.000Z,
1703,1679,Metaverse ETP,ETP,metaverse,1,2017-06-05T19:09:56.000Z,2023-06-07T04:29:00.000Z,
1706,1694,Aidos Kuneen,ADK,aidos-kuneen,1,2017-06-06T05:09:52.000Z,2023-06-07T04:29:00.000Z,
1708,1549,Patientory,PTOY,patientory,1,2017-06-06T06:04:53.000Z,2023-06-07T04:29:00.000Z,"{'id': 1027, 'name': 'Ethereum', 'symbol': 'ETH', 'slug': 'ethereum', 'token_address': '0x8ae4bf2c33a8e667de34b54938b0ccd03eb8cc06'}"
1710,466,Veritaseum,VERI,veritaseum,1,2017-06-08T15:04:58.000Z,2023-06-07T04:29:00.000Z,"{'id': 1027, 'name': 'Ethereum', 'symbol': 'ETH', 'slug': 'ethereum', 'token_address': '0x8f3470A7388c05eE4e7AF3d01D8C722b0FF52374'}"
1712,833,Quantum Resistant Ledger,QRL,quantum-resistant-ledger,1,2017-06-10T05:49:51.000Z,2023-06-07T04:29:00.000Z,
1720,76,IOTA,MIOTA,iota,1,2017-06-13T14:30:09.000Z,2023-06-07T04:29:00.000Z,
1721,951,Mysterium,MYST,mysterium,1,2017-06-14T13:59:57.000Z,2023-06-07T04:29:00.000Z,"{'id': 1027, 'name': 'Ethereum', 'symbol': 'ETH', 'slug': 'ethereum', 'token_address': '0x4Cf89ca06ad997bC732Dc876ed2A7F26a9E7f361'}"
1722,2492,More Coin,MORE,more-coin,1,2017-06-16T19:24:59.000Z,2023-06-07T04:29:00.000Z,"{'id': 1027, 'name': 'Ethereum', 'symbol': 'ETH', 'slug': 'ethereum', 'token_address': '0x305DE070488C8469dFAC957226c9c900c4BFbA22'}"
1727,332,Bancor,BNT,bancor,1,2017-06-18T15:15:00.000Z,2023-06-07T04:29:00.000Z,"{'id': 1027, 'name': 'Ethereum', 'symbol': 'ETH', 'slug': 'ethereum', 'token_address': '0x1f573d6fb3f13d689ff844b4ce37794d79a7ff1c'}"
1731,2417,GlobalToken,GLT,globaltoken,1,2017-06-19T21:34:58.000Z,2023-06-07T04:29:00.000Z,
1732,276,Numeraire,NMR,numeraire,1,2017-06-23T04:50:03.000Z,2023-06-07T04:29:00.000Z,"{'id': 1027, 'name': 'Ethereum', 'symbol': 'ETH', 'slug': 'ethereum', 'token_address': '0x1776e1F26f98b1A5dF9cD347953a26dd3Cb46671'}"
1736,2342,Unify,UNIFY,unify,1,2017-06-23T20:15:05.000Z,2023-06-07T04:29:00.000Z,
1745,8737,Dinastycoin,DCY,dinastycoin,1,2017-06-24T23:20:00.000Z,2023-06-07T04:29:00.000Z,
1747,2386,Onix,ONX,onix,1,2017-06-24T23:54:59.000Z,2023-06-07T04:29:00.000Z,
1750,7035,GXChain,GXC,gxchain,1,2017-06-25T00:30:00.000Z,2023-06-07T04:29:00.000Z,
1757,365,FUNToken,FUN,funtoken,1,2017-06-27T05:00:03.000Z,2023-06-07T04:29:00.000Z,"{'id': 1027, 'name': 'Ethereum', 'symbol': 'ETH', 'slug': 'ethereum', 'token_address': '0x419d0d8bdd9af5e606ae2232ed285aff190e711b'}"
1758,1204,TenX,PAY,tenx,1,2017-06-27T05:30:59.000Z,2023-06-07T04:29:00.000Z,"{'id': 1027, 'name': 'Ethereum', 'symbol': 'ETH', 'slug': 'ethereum', 'token_address': '0xb97048628db6b661d4c2aa833e95dbe1a905b280'}"
1759,266,Status,SNT,status,1,2017-06-28T21:19:15.000Z,2023-06-07T04:29:00.000Z,"{'id': 1027, 'name': 'Ethereum', 'symbol': 'ETH', 'slug': 'ethereum', 'token_address': '0x744d70fdbe2ba4cf95131626614a1763df805b9e'}"
1762,301,Ergo,ERG,ergo,1,2017-06-29T00:19:14.000Z,2023-06-07T04:29:00.000Z,
1765,44,EOS,EOS,eos,1,2017-07-01T19:14:14.000Z,2023-06-07T04:29:00.000Z,
1768,575,Ambire AdEx,ADX,adx-net,1,2017-07-01T19:54:14.000Z,2023-06-07T04:29:00.000Z,"{'id': 1027, 'name': 'Ethereum', 'symbol': 'ETH', 'slug': 'ethereum', 'token_address': '0xade00c28244d5ce17d72e40330b1c318cd12b7c3'}"
1769,1650,Denarius,D,denarius-d,1,2017-07-02T00:29:14.000Z,2023-06-07T04:29:00.000Z,
1772,189,Storj,STORJ,storj,1,2017-07-02T00:54:14.000Z,2023-06-07T04:29:00.000Z,"{'id': 1027, 'name': 'Ethereum', 'symbol': 'ETH', 'slug': 'ethereum', 'token_address': '0xb64ef51c888972c908cfacf59b47c1afbc0ab8ac'}"
1774,2603,SocialCoin,SOCC,socialcoin-socc,1,2017-07-02T03:39:15.000Z,2023-06-07T04:29:00.000Z,
1779,1568,Wagerr,WGR,wagerr,1,2017-07-05T00:54:20.000Z,2023-06-07T04:29:00.000Z,
1784,8738,Polybius,PLBT,polybius,1,2017-07-06T18:24:16.000Z,2023-06-07T04:29:00.000Z,"{'id': 1027, 'name': 'Ethereum', 'symbol': 'ETH', 'slug': 'ethereum', 'token_address': '0x0affa06e7fbe5bc9a764c979aa66e8256a631f02'}"
1785,521,Gas,GAS,gas,1,2017-07-06T18:39:16.000Z,2023-06-07T04:29:00.000Z,"{'id': 1376, 'name': 'Neo', 'symbol': 'NEO', 'slug': 'neo', 'token_address': '602c79718b16e442de58778e148d0b1084e3b2dffd5de6b7b16cee7969282de7'}"
1786,995,SunContract,SNC,suncontract,1,2017-07-06T19:49:16.000Z,2023-06-07T04:29:00.000Z,"{'id': 1027, 'name': 'Ethereum', 'symbol': 'ETH', 'slug': 'ethereum', 'token_address': '0xF4134146AF2d511Dd5EA8cDB1C4AC88C57D60404'}"
1787,2295,Jetcoin,JET,jetcoin,1,2017-07-07T15:54:15.000Z,2023-06-07T04:29:00.000Z,"{'id': 1027, 'name': 'Ethereum', 'symbol': 'ETH', 'slug': 'ethereum', 'token_address': '0x8727c112c712c4a03371ac87a74dd6ab104af768'}"
1788,183,Metal DAO,MTL,metal,1,2017-07-09T17:59:20.000Z,2023-06-07T04:29:00.000Z,"{'id': 1027, 'name': 'Ethereum', 'symbol': 'ETH', 'slug': 'ethereum', 'token_address': '0xF433089366899D83a9f26A773D59ec7eCF30355e'}"
1789,1214,Populous,PPT,populous,1,2017-07-11T17:11:47.000Z,2023-06-07T04:29:00.000Z,"{'id': 1027, 'name': 'Ethereum', 'symbol': 'ETH', 'slug': 'ethereum', 'token_address': '0xd4fa1460f537bb9085d22c7bccb5dd450ef28e3a'}"
1799,2514,Rupee,RUP,rupee,1,2017-07-11T04:34:44.000Z,2023-06-07T04:29:00.000Z,
1807,1023,Santiment Network Token,SAN,santiment,1,2017-07-12T18:59:21.000Z,2023-06-07T04:29:00.000Z,"{'id': 1027, 'name': 'Ethereum', 'symbol': 'ETH', 'slug': 'ethereum', 'token_address': '0x7c5a0ce9267ed19b22f8cae653f198e3e8daf098'}"
1808,252,OMG Network,OMG,omg,1,2017-07-14T04:34:16.000Z,2023-06-07T04:29:00.000Z,"{'id': 1027, 'name': 'Ethereum', 'symbol': 'ETH', 'slug': 'ethereum', 'token_address': '0xd26114cd6ee289accf82350c8d8487fedb8a0c07'}"
1814,1525,Metrix Coin,MRX,metrix-coin,1,2017-07-15T21:24:16.000Z,2023-06-07T04:29:00.000Z,
1816,288,Civic,CVC,civic,1,2017-07-17T17:39:17.000Z,2023-06-07T04:29:00.000Z,"{'id': 1027, 'name': 'Ethereum', 'symbol': 'ETH', 'slug': 'ethereum', 'token_address': '0x41e5560054824ea6b0732e656e3ad64e20e94e45'}"
1817,449,Voyager Token,VGX,voyager-token,1,2017-07-18T17:49:16.000Z,2023-06-07T04:29:00.000Z,"{'id': 1027, 'name': 'Ethereum', 'symbol': 'ETH', 'slug': 'ethereum', 'token_address': '0x3C4B6E6e1eA3D4863700D7F76b36B7f3D3f13E3d'}"
1824,2543,BitCoal,COAL,bitcoal,1,2017-07-20T19:54:17.000Z,2023-06-07T04:29:00.000Z,
1826,990,Particl,PART,particl,1,2017-07-20T23:44:17.000Z,2023-06-07T04:29:00.000Z,
1828,1874,SmartCash,SMART,smartcash,1,2017-07-21T01:54:17.000Z,2023-06-07T04:29:00.000Z,
1830,2261,SkinCoin,SKIN,skincoin,1,2017-07-21T15:49:17.000Z,2023-06-07T04:29:00.000Z,"{'id': 1027, 'name': 'Ethereum', 'symbol': 'ETH', 'slug': 'ethereum', 'token_address': '0x2bdc0d42996017fce214b21607a515da41a9e0c5'}"
1831,27,Bitcoin Cash,BCH,bitcoin-cash,1,2017-07-23T16:29:27.000Z,2023-06-07T04:29:00.000Z,
1834,1296,Pillar,PLR,pillar,1,2017-07-24T19:25:00.000Z,2023-06-07T04:29:00.000Z,"{'id': 1027, 'name': 'Ethereum', 'symbol': 'ETH', 'slug': 'ethereum', 'token_address': '0xe3818504c1b32bf1557b16c238b2e01fd3149c17'}"
1838,1858,OracleChain,OCT,oraclechain,1,2017-07-25T02:15:05.000Z,2023-06-07T04:29:00.000Z,
1839,4,BNB,BNB,bnb,1,2017-07-25T04:30:05.000Z,2023-06-07T04:29:00.000Z,
1846,2369,GeyserCoin,GSR,geysercoin,1,2017-07-27T21:04:54.000Z,2023-06-07T04:29:00.000Z,
1850,2596,Cream,CRM,cream,1,2017-07-31T04:15:06.000Z,2023-06-07T04:29:00.000Z,
1853,692,OAX,OAX,oax,1,2017-07-31T18:40:05.000Z,2023-06-07T04:29:00.000Z,"{'id': 1027, 'name': 'Ethereum', 'symbol': 'ETH', 'slug': 'ethereum', 'token_address': '0x701c244b988a513c945973defa05de933b23fe1d'}"
1856,507,district0x,DNT,district0x,1,2017-08-03T22:15:07.000Z,2023-06-07T04:29:00.000Z,"{'id': 1027, 'name': 'Ethereum', 'symbol': 'ETH', 'slug': 'ethereum', 'token_address': '0x0abdace70d3790235af448c88547603b945604ea'}"
1861,1935,Stox,STX,stox,1,2017-08-05T04:35:03.000Z,2023-06-07T04:29:00.000Z,"{'id': 1027, 'name': 'Ethereum', 'symbol': 'ETH', 'slug': 'ethereum', 'token_address': '0x006BeA43Baa3f7A6f765F14f10A1a1b08334EF45'}"
1866,431,Bytom,BTM,bytom,1,2017-08-08T21:39:25.000Z,2023-06-07T04:29:00.000Z,
1876,1359,Dentacoin,DCN,dentacoin,1,2017-08-11T00:19:25.000Z,2023-06-07T04:29:00.000Z,"{'id': 1027, 'name': 'Ethereum', 'symbol': 'ETH', 'slug': 'ethereum', 'token_address': '0x08d32b0da63e2C3bcF8019c9c5d849d7a9d791e6'}"
1878,2351,Shadow Token,SHDW,shadow-token,1,2017-08-12T15:59:24.000Z,2023-06-07T04:29:00.000Z,
1881,1573,DeepOnion,ONION,deeponion,1,2017-08-12T22:54:23.000Z,2023-06-07T04:29:00.000Z,
1883,481,Adshares,ADS,adshares,1,2017-08-12T23:14:24.000Z,2023-06-07T04:29:00.000Z,
1886,289,Dent,DENT,dent,1,2017-08-12T23:39:23.000Z,2023-06-07T04:29:00.000Z,"{'id': 1027, 'name': 'Ethereum', 'symbol': 'ETH', 'slug': 'ethereum', 'token_address': '0x3597bfd533a99c9aa083587b074434e61eb0a258'}"
1888,2150,InvestFeed,IFT,investfeed,1,2017-08-13T23:29:23.000Z,2023-06-07T04:29:00.000Z,"{'id': 1027, 'name': 'Ethereum', 'symbol': 'ETH', 'slug': 'ethereum', 'token_address': '0x7654915a1b82d6d2d0afc37c52af556ea8983c7e'}"
1896,151,0x Protocol,ZRX,0x,1,2017-08-16T14:09:21.000Z,2023-06-07T04:29:00.000Z,"{'id': 1027, 'name': 'Ethereum', 'symbol': 'ETH', 'slug': 'ethereum', 'token_address': '0xe41d2489571d322189246dafa5ebde1f4699f498'}"
1902,2271,MyBit,MYB,mybit,1,2017-08-19T19:35:03.000Z,2023-06-07T04:29:00.000Z,"{'id': 1027, 'name': 'Ethereum', 'symbol': 'ETH', 'slug': 'ethereum', 'token_address': '0x5d60d8d7ef6d37e16ebabc324de3be57f135e0bc'}"
1903,1118,HyperCash,HC,hypercash,1,2017-08-20T14:54:59.000Z,2023-06-07T04:29:00.000Z,
1908,1543,Nebulas,NAS,nebulas-token,1,2017-08-23T04:29:58.000Z,2023-06-07T04:29:00.000Z,
1916,2077,BiblePay,BBP,biblepay,1,2017-08-27T22:50:25.000Z,2023-06-07T04:29:00.000Z,
1918,1368,Achain,ACT,achain,1,2017-08-27T19:45:10.000Z,2023-06-07T04:29:00.000Z,
1925,710,Waltonchain,WTC,waltonchain,1,2017-08-27T21:20:27.000Z,2023-06-07T04:29:00.000Z,"{'id': 1027, 'name': 'Ethereum', 'symbol': 'ETH', 'slug': 'ethereum', 'token_address': '0xb7cb1c96db6b22b0d3d9536e0108d062bd488f74'}"
1930,2159,Primas,PST,primas,1,2017-08-28T12:05:18.000Z,2023-06-07T04:29:00.000Z,"{'id': 1027, 'name': 'Ethereum', 'symbol': 'ETH', 'slug': 'ethereum', 'token_address': '0x5d4abc77b8405ad177d8ac6682d584ecbfd46cec'}"
1934,93,Loopring,LRC,loopring,1,2017-08-30T02:15:10.000Z,2023-06-07T04:29:00.000Z,"{'id': 1027, 'name': 'Ethereum', 'symbol': 'ETH', 'slug': 'ethereum', 'token_address': '0xbbbbca6a901c926f240b89eacb641d8aec7aeafd'}"
1935,2490,LiteCoin Ultra,LTCU,litecoin-ultra,1,2017-08-30T02:55:15.000Z,2023-06-07T04:29:00.000Z,
1937,2284,Po.et,POE,poet,1,2017-09-01T00:30:04.000Z,2023-06-07T04:29:00.000Z,"{'id': 1027, 'name': 'Ethereum', 'symbol': 'ETH', 'slug': 'ethereum', 'token_address': '0x0e0989b1f9b8a38983c2ba8053269ca62ec9b195'}"
1947,1261,Monetha,MTH,monetha,1,2017-09-06T05:40:04.000Z,2023-06-07T04:29:00.000Z,"{'id': 1027, 'name': 'Ethereum', 'symbol': 'ETH', 'slug': 'ethereum', 'token_address': '0xaf4dce16da2877f8c9e00544c93b62ac40631f16'}"
1948,902,Aventus,AVT,aventus,1,2017-09-06T16:40:14.000Z,2023-06-07T04:29:00.000Z,"{'id': 1027, 'name': 'Ethereum', 'symbol': 'ETH', 'slug': 'ethereum', 'token_address': '0x0d88ed6e74bbfd96b831231638b66c05571e824f'}"
1949,2147,Agrello,DLT,agrello-delta,1,2017-09-09T23:35:28.000Z,2023-06-07T04:29:00.000Z,"{'id': 1027, 'name': 'Ethereum', 'symbol': 'ETH', 'slug': 'ethereum', 'token_address': '0x07e3c70653548B04f0A75970C1F81B4CBbFB606f'}"
1950,1782,Hiveterminal Token,HVN,hiveterminal-token,1,2017-09-10T03:15:20.000Z,2023-06-07T04:29:00.000Z,"{'id': 1027, 'name': 'Ethereum', 'symbol': 'ETH', 'slug': 'ethereum', 'token_address': '0xC0Eb85285d83217CD7c891702bcbC0FC401E2D9D'}"
1954,1426,Moeda Loyalty Points,MDA,moeda-loyalty-points,1,2017-09-11T22:40:26.000Z,2023-06-07T04:29:00.000Z,"{'id': 1027, 'name': 'Ethereum', 'symbol': 'ETH', 'slug': 'ethereum', 'token_address': '0x51db5ad35c671a87207d88fc11d593ac0c8415bd'}"
1955,1423,Neblio,NEBL,neblio,1,2017-09-12T13:50:28.000Z,2023-06-07T04:29:00.000Z,
1958,11,TRON,TRX,tron,1,2017-09-13T01:15:22.000Z,2023-06-07T04:29:00.000Z,
1962,1941,BUZZCoin,BUZZ,buzzcoin,1,2017-09-13T02:45:06.000Z,2023-06-07T04:29:00.000Z,
1966,53,Decentraland,MANA,decentraland,1,2017-09-17T00:41:16.000Z,2023-06-07T04:29:00.000Z,"{'id': 1027, 'name': 'Ethereum', 'symbol': 'ETH', 'slug': 'ethereum', 'token_address': '0x0f5d2fb29fb7d3cfee444a200298f468908cc942'}"
1967,2191,Indorse Token,IND,indorse-token,1,2017-09-19T02:49:57.000Z,2023-06-07T04:29:00.000Z,"{'id': 1027, 'name': 'Ethereum', 'symbol': 'ETH', 'slug': 'ethereum', 'token_address': '0xf8e386eda857484f5a12e4b5daa9984e06e73705'}"
1968,2524,XPA,XPA,xpa,1,2017-09-19T02:59:54.000Z,2023-06-07T04:29:00.000Z,"{'id': 1027, 'name': 'Ethereum', 'symbol': 'ETH', 'slug': 'ethereum', 'token_address': '0x90528aeb3a2b736b780fd1b6c478bb7e1d643170'}"
1970,2350,ATBCoin,ATB,atbcoin,1,2017-09-19T04:34:55.000Z,2023-06-07T04:29:00.000Z,
1974,471,Propy,PRO,propy,1,2017-09-19T05:24:49.000Z,2023-06-07T04:29:00.000Z,"{'id': 1027, 'name': 'Ethereum', 'symbol': 'ETH', 'slug': 'ethereum', 'token_address': '0x226bb599a12c826476e3a771454697ea52e9e220'}"
1975,21,Chainlink,LINK,chainlink,1,2017-09-20T20:54:59.000Z,2023-06-07T04:29:00.000Z,"{'id': 1027, 'name': 'Ethereum', 'symbol': 'ETH', 'slug': 'ethereum', 'token_address': '0x514910771af9ca656af840dff83e8264ecf986ca'}"
1982,5976,Kyber Network Crystal Legacy,KNCL,kyber-network-crystal-legacy,1,2017-09-24T14:09:29.000Z,2023-06-07T04:29:00.000Z,"{'id': 1027, 'name': 'Ethereum', 'symbol': 'ETH', 'slug': 'ethereum', 'token_address': '0xdd974d5c2e2928dea5f71b9825b8b646686bd200'}"
1983,1838,VIBE,VIBE,vibe,1,2017-09-25T03:14:27.000Z,2023-06-07T04:29:00.000Z,"{'id': 1027, 'name': 'Ethereum', 'symbol': 'ETH', 'slug': 'ethereum', 'token_address': '0xe8ff5c9c75deb346acac493c463c8950be03dfba'}"
1984,2010,Substratum,SUB,substratum,1,2017-09-25T03:29:30.000Z,2023-06-07T04:29:00.000Z,"{'id': 1027, 'name': 'Ethereum', 'symbol': 'ETH', 'slug': 'ethereum', 'token_address': '0x8D75959f1E61EC2571aa72798237101F084DE63a'}"
1991,2471,Rivetz,RVT,rivetz,1,2017-09-25T21:14:32.000Z,2023-06-07T04:29:00.000Z,"{'id': 1027, 'name': 'Ethereum', 'symbol': 'ETH', 'slug': 'ethereum', 'token_address': '0x3d1ba9be9f66b8ee101911bc36d3fb562eac2244'}"
1993,687,Kin,KIN,kin,1,2017-09-27T19:29:34.000Z,2023-06-07T04:29:00.000Z,
1996,1031,SALT,SALT,salt,1,2017-09-29T05:54:23.000Z,2023-06-07T04:29:00.000Z,"{'id': 1027, 'name': 'Ethereum', 'symbol': 'ETH', 'slug': 'ethereum', 'token_address': '0x4156D3342D5c385a87D264F90653733592000581'}"
1998,2409,Ormeus Coin,ORMEUS,ormeus-coin,1,2017-09-29T14:54:36.000Z,2023-06-07T04:29:00.000Z,"{'id': 1027, 'name': 'Ethereum', 'symbol': 'ETH', 'slug': 'ethereum', 'token_address': '0xc96df921009b790dffca412375251ed1a2b75c60'}"
2001,1053,ColossusXT,COLX,colossusxt,1,2017-09-29T21:24:24.000Z,2023-06-07T04:29:00.000Z,
2002,2270,TrezarCoin,TZC,trezarcoin,1,2017-09-29T19:09:25.000Z,2023-06-07T04:29:00.000Z,
2006,2129,Cobinhood,COB,cobinhood,1,2017-10-01T00:24:24.000Z,2023-06-07T04:29:00.000Z,"{'id': 1027, 'name': 'Ethereum', 'symbol': 'ETH', 'slug': 'ethereum', 'token_address': '0xb2f7eb1f2c37645be61d73953035360e768d81e6'}"
2009,1591,Bismuth,BIS,bismuth,1,2017-10-01T18:04:26.000Z,2023-06-07T04:29:00.000Z,
2010,7,Cardano,ADA,cardano,1,2017-10-01T20:34:25.000Z,2023-06-07T04:29:00.000Z,
2011,55,Tezos,XTZ,tezos,1,2017-10-02T15:59:43.000Z,2023-06-07T04:29:00.000Z,
2019,756,Viberate,VIB,viberate,1,2017-10-06T17:24:25.000Z,2023-06-07T04:29:00.000Z,"{'id': 1027, 'name': 'Ethereum', 'symbol': 'ETH', 'slug': 'ethereum', 'token_address': '0x2c974b2d0ba1716e644c1fc59982a89ddd2ff724'}"
2022,1766,Internxt,INXT,internxt,1,2017-10-07T00:39:24.000Z,2023-06-07T04:29:00.000Z,"{'id': 1027, 'name': 'Ethereum', 'symbol': 'ETH', 'slug': 'ethereum', 'token_address': '0x4a8f5f96d5436e43112c2fbc6a9f70da9e4e16d4'}"
2027,203,Cryptonex,CNX,cryptonex,1,2017-10-07T18:24:25.000Z,2023-06-07T04:29:00.000Z,
2034,1921,Everex,EVX,everex,1,2017-10-10T16:19:26.000Z,2023-06-07T04:29:00.000Z,"{'id': 1027, 'name': 'Ethereum', 'symbol': 'ETH', 'slug': 'ethereum', 'token_address': '0xf3db5fa2c66b7af3eb0c0b782510816cbe4813b8'}"
2041,1407,BitcoinZ,BTCZ,bitcoinz,1,2017-10-12T18:04:23.000Z,2023-06-07T04:29:00.000Z,
2043,932,Cindicator,CND,cindicator,1,2017-10-13T03:59:38.000Z,2023-06-07T04:29:00.000Z,"{'id': 1027, 'name': 'Ethereum', 'symbol': 'ETH', 'slug': 'ethereum', 'token_address': '0xd4c435f5b09f855c3317c8524cb1f586e42795fa'}"
2044,2127,Enigma,ENG,enigma,1,2017-10-13T01:09:37.000Z,2023-06-07T04:29:00.000Z,"{'id': 1027, 'name': 'Ethereum', 'symbol': 'ETH', 'slug': 'ethereum', 'token_address': '0xf0ee6b27b759c9893ce4f094b49ad28fd15a23e4'}"
2047,2251,Zeusshield,ZSC,zeusshield,1,2017-10-13T19:49:24.000Z,2023-06-07T04:29:00.000Z,"{'id': 1027, 'name': 'Ethereum', 'symbol': 'ETH', 'slug': 'ethereum', 'token_address': '0x7A41e0517a5ecA4FdbC7FbebA4D4c47B9fF6DC63'}"
2058,584,AirSwap,AST,airswap,1,2017-10-17T16:54:24.000Z,2023-06-07T04:29:00.000Z,"{'id': 1027, 'name': 'Ethereum', 'symbol': 'ETH', 'slug': 'ethereum', 'token_address': '0x27054b13b1b798b345b591a4d22e6562d47ea75a'}"
2062,1767,Aion,AION,aion,1,2017-10-18T16:34:24.000Z,2023-06-07T04:29:00.000Z,
2070,2035,DomRaider,DRT,domraider,1,2017-10-19T22:24:24.000Z,2023-06-07T04:29:00.000Z,"{'id': 1027, 'name': 'Ethereum', 'symbol': 'ETH', 'slug': 'ethereum', 'token_address': '0x9af4f26941677c706cfecf6d3379ff01bb85d5ab'}"
2071,282,Request,REQ,request,1,2017-10-20T15:49:24.000Z,2023-06-07T04:29:00.000Z,"{'id': 1027, 'name': 'Ethereum', 'symbol': 'ETH', 'slug': 'ethereum', 'token_address': '0x8f8221afbb33998d8584a2b05749ba73c37a938a'}"
2076,1962,Blue Protocol,BLUE,ethereum-blue,1,2017-10-21T23:14:23.000Z,2023-06-07T04:29:00.000Z,"{'id': 1027, 'name': 'Ethereum', 'symbol': 'ETH', 'slug': 'ethereum', 'token_address': '0x539efe69bcdd21a83efd9122571a64cc25e0282b'}"
2081,662,AirDAO,AMB,airdao,1,2017-10-23T17:39:25.000Z,2023-06-07T04:29:00.000Z,
2083,133,Bitcoin Gold,BTG,bitcoin-gold,1,2017-10-23T19:39:25.000Z,2023-06-07T04:29:00.000Z,
2087,61,KuCoin Token,KCS,kucoin-token,1,2017-10-24T17:39:26.000Z,2023-06-07T04:29:00.000Z,"{'id': 1027, 'name': 'Ethereum', 'symbol': 'ETH', 'slug': 'ethereum', 'token_address': '0xf34960d9d60be18cc1d5afc1a6f012a723a28811'}"
2088,1257,EXRNchain,EXRN,exrnchain,1,2017-10-25T16:24:25.000Z,2023-06-07T04:29:00.000Z,"{'id': 1027, 'name': 'Ethereum', 'symbol': 'ETH', 'slug': 'ethereum', 'token_address': '0xe469c4473af82217b30cf17b10bcdb6c8c796e75'}"
2090,706,LATOKEN,LA,latoken,1,2017-10-25T17:54:27.000Z,2023-06-07T04:29:00.000Z,"{'id': 1027, 'name': 'Ethereum', 'symbol': 'ETH', 'slug': 'ethereum', 'token_address': '0xe50365f5d679cb98a1dd62d6f6e58e59321bcddf'}"
2091,8739,Exchange Union,XUC,exchange-union,1,2017-10-25T18:34:26.000Z,2023-06-07T04:29:00.000Z,"{'id': 1027, 'name': 'Ethereum', 'symbol': 'ETH', 'slug': 'ethereum', 'token_address': '0xc324a2f6b05880503444451b8b27e6f9e63287cb'}"
2092,554,NULS,NULS,nuls,1,2017-10-25T18:54:25.000Z,2023-06-07T04:29:00.000Z,
2096,1485,Ripio Credit Network,RCN,ripio-credit-network,1,2017-10-26T15:54:25.000Z,2023-06-07T04:29:00.000Z,"{'id': 1027, 'name': 'Ethereum', 'symbol': 'ETH', 'slug': 'ethereum', 'token_address': '0xf970b8e36e23f7fc3fd752eea86f8be8d83375a6'}"
2099,127,ICON,ICX,icon,1,2017-10-27T00:19:31.000Z,2023-06-07T04:29:00.000Z,
2100,2567,JavaScript Token,JS,javascript-token,1,2017-10-27T00:34:27.000Z,2023-06-07T04:29:00.000Z,"{'id': 1027, 'name': 'Ethereum', 'symbol': 'ETH', 'slug': 'ethereum', 'token_address': '0x5046e860ff274fb8c66106b0ffb8155849fb0787'}"
2104,1790,iEthereum,IETH,iethereum,1,2017-10-27T05:19:25.000Z,2023-06-07T04:29:00.000Z,"{'id': 1027, 'name': 'Ethereum', 'symbol': 'ETH', 'slug': 'ethereum', 'token_address': '0x859a9c0b44cb7066d956a958b0b82e54c9e44b4b'}"
2107,2176,LUXCoin,LUX,luxcoin,1,2017-10-27T19:34:26.000Z,2023-06-07T04:29:00.000Z,
2110,944,Dovu,DOV,dovu,1,2017-10-28T00:29:25.000Z,2023-06-07T04:29:00.000Z,"{'id': 1027, 'name': 'Ethereum', 'symbol': 'ETH', 'slug': 'ethereum', 'token_address': '0xac3211a5025414af2866ff09c23fc18bc97e79b1'}"
2112,8740,Phoenix Global [old],PHX,phoenix-global,1,2017-10-28T21:39:25.000Z,2023-06-07T04:29:00.000Z,"{'id': 1376, 'name': 'Neo', 'symbol': 'NEO', 'slug': 'neo', 'token_address': '1578103c13e39df15d0d29826d957e85d770d8c9'}"
2120,1840,Etherparty,FUEL,etherparty,1,2017-10-30T18:04:28.000Z,2023-06-07T04:29:00.000Z,"{'id': 1027, 'name': 'Ethereum', 'symbol': 'ETH', 'slug': 'ethereum', 'token_address': '0xea38eaa3c86c8f9b751533ba2e562deb9acded40'}"
2126,1551,FlypMe,FYP,flypme,1,2017-10-31T19:49:28.000Z,2023-06-07T04:29:00.000Z,"{'id': 1027, 'name': 'Ethereum', 'symbol': 'ETH', 'slug': 'ethereum', 'token_address': '0x8f0921f30555624143d427b340b1156914882c10'}"
2130,101,Enjin Coin,ENJ,enjin-coin,1,2017-11-01T05:49:25.000Z,2023-06-07T04:29:00.000Z,"{'id': 1027, 'name': 'Ethereum', 'symbol': 'ETH', 'slug': 'ethereum', 'token_address': '0xf629cbd94d3791c9250152bd8dfbdf380e2a3b9c'}"
2131,2494,iBTC,IBTC,ibtc,1,2017-11-01T06:59:25.000Z,2023-06-07T04:29:00.000Z,"{'id': 1027, 'name': 'Ethereum', 'symbol': 'ETH', 'slug': 'ethereum', 'token_address': '0xb7c4a82936194fee52a4e3d4cec3415f74507532'}"
2132,316,Powerledger,POWR,power-ledger,1,2017-11-01T17:09:28.000Z,2023-06-07T04:29:00.000Z,"{'id': 1027, 'name': 'Ethereum', 'symbol': 'ETH', 'slug': 'ethereum', 'token_address': '0x595832f8fc6bf59c85c527fec3740a1b7a361269'}"
2134,835,Grid+,GRID,grid,1,2017-11-01T18:49:28.000Z,2023-06-07T04:29:00.000Z,"{'id': 1027, 'name': 'Ethereum', 'symbol': 'ETH', 'slug': 'ethereum', 'token_address': '0x12b19d3e2ccc14da04fae33e63652ce469b3f2fd'}"
2135,566,Revain,REV,revain,1,2017-11-01T20:49:27.000Z,2023-06-07T04:29:00.000Z,"{'id': 1027, 'name': 'Ethereum', 'symbol': 'ETH', 'slug': 'ethereum', 'token_address': '0x2ef52Ed7De8c5ce03a4eF0efbe9B7450F2D7Edc9'}"
2136,1528,ATLANT,ATL,atlant,1,2017-11-01T21:04:27.000Z,2023-06-07T04:29:00.000Z,"{'id': 1027, 'name': 'Ethereum', 'symbol': 'ETH', 'slug': 'ethereum', 'token_address': '0x78b7fada55a64dd895d8c8c35779dd8b67fa8a05'}"
2137,426,Electroneum,ETN,electroneum,1,2017-11-02T00:24:27.000Z,2023-06-07T04:29:00.000Z,
2143,543,Streamr,DATA,streamr,1,2017-11-03T18:44:29.000Z,2023-06-07T04:29:00.000Z,"{'id': 1027, 'name': 'Ethereum', 'symbol': 'ETH', 'slug': 'ethereum', 'token_address': '0x8f693ca8d21b157107184d29d398a8d082b38b76'}"
2147,2341,ELTCOIN,ELTCOIN,eltcoin,1,2017-11-04T19:14:27.000Z,2023-06-07T04:29:00.000Z,"{'id': 1027, 'name': 'Ethereum', 'symbol': 'ETH', 'slug': 'ethereum', 'token_address': '0x44197a4c44d6a059297caf6be4f7e172bd56caaf'}"
2148,2405,Desire,DSR,desire,1,2017-11-06T01:49:29.000Z,2023-06-07T04:29:00.000Z,
2151,2024,Autonio,NIOX,autonio,1,2017-11-06T19:09:29.000Z,2023-06-07T04:29:00.000Z,"{'id': 1027, 'name': 'Ethereum', 'symbol': 'ETH', 'slug': 'ethereum', 'token_address': '0xc813EA5e3b48BEbeedb796ab42A30C5599b01740'}"
2153,2631,Aeron,ARNX,aeron,1,2017-11-07T23:04:29.000Z,2023-06-07T04:29:00.000Z,"{'id': 1839, 'name': 'BNB', 'symbol': 'BNB', 'slug': 'bnb', 'token_address': 'ARN-71B'}"
2158,2017,Phore,PHR,phore,1,2017-11-07T22:19:28.000Z,2023-06-07T04:29:00.000Z,
2160,2023,Innova,INN,innova,1,2017-11-08T20:49:33.000Z,2023-06-07T04:29:00.000Z,
2161,1617,Raiden Network Token,RDN,raiden-network-token,1,2017-11-08T19:04:33.000Z,2023-06-07T04:29:00.000Z,"{'id': 1027, 'name': 'Ethereum', 'symbol': 'ETH', 'slug': 'ethereum', 'token_address': '0x255aa6df07540cb5d3d297f0d0d4d84cb52bc8e6'}"
2162,2060,Delphy,DPY,delphy,1,2017-11-08T20:49:33.000Z,2023-06-07T04:29:00.000Z,"{'id': 1027, 'name': 'Ethereum', 'symbol': 'ETH', 'slug': 'ethereum', 'token_address': '0x6c2adc2073994fb2ccc5032cc2906fa221e9b391'}"
2165,752,ERC20,ERC20,erc20,1,2017-11-10T02:09:29.000Z,2023-06-07T04:29:00.000Z,"{'id': 1027, 'name': 'Ethereum', 'symbol': 'ETH', 'slug': 'ethereum', 'token_address': '0xCDD981ef3330E159029e6E226dbD73d99F868f4d'}"
2178,1697,Upfiring,UFR,upfiring,1,2017-11-14T22:49:31.000Z,2023-06-07T04:29:00.000Z,"{'id': 1027, 'name': 'Ethereum', 'symbol': 'ETH', 'slug': 'ethereum', 'token_address': '0xea097a2b1db00627b2fa17460ad260c016016977'}"
2181,1626,Genesis Vision,GVT,genesis-vision,1,2017-11-15T20:04:34.000Z,2023-06-07T04:29:00.000Z,"{'id': 1027, 'name': 'Ethereum', 'symbol': 'ETH', 'slug': 'ethereum', 'token_address': '0x103c3a209da59d3e7c4a89307e66521e081cfdf0'}"
2184,2291,Privatix,PRIX,privatix,1,2017-11-16T19:29:34.000Z,2023-06-07T04:29:00.000Z,"{'id': 1027, 'name': 'Ethereum', 'symbol': 'ETH', 'slug': 'ethereum', 'token_address': '0x3adfc4999f77d04c8341bac5f3a76f58dff5b37a'}"
2185,2030,Lethean,LTHN,lethean,1,2017-11-16T19:44:35.000Z,2023-06-07T04:29:00.000Z,
2191,2588,Paypex,PAYX,paypex,1,2017-11-16T23:09:31.000Z,2023-06-07T04:29:00.000Z,"{'id': 1027, 'name': 'Ethereum', 'symbol': 'ETH', 'slug': 'ethereum', 'token_address': '0x62a56a4a2ef4d355d34d10fbf837e747504d38d4'}"
2205,2442,Phantomx,PNX,phantomx,1,2017-11-20T20:34:42.000Z,2023-06-07T04:29:00.000Z,
2208,7715,EncrypGen,DNA,encrypgen,1,2017-11-20T20:39:40.000Z,2023-06-07T04:29:00.000Z,"{'id': 1027, 'name': 'Ethereum', 'symbol': 'ETH', 'slug': 'ethereum', 'token_address': '0xef6344de1fcfC5F48c30234C16c1389e8CdC572C'}"
2209,1912,Ink,INK,ink,1,2017-11-20T21:04:42.000Z,2023-06-07T04:29:00.000Z,
2212,837,Quantstamp,QSP,quantstamp,1,2017-11-21T07:44:39.000Z,2023-06-07T04:29:00.000Z,"{'id': 1027, 'name': 'Ethereum', 'symbol': 'ETH', 'slug': 'ethereum', 'token_address': '0x99ea4db9ee77acd40b119bd1dc4e33e1c070b80d'}"
2213,707,QASH,QASH,qash,1,2017-11-21T18:14:40.000Z,2023-06-07T04:29:00.000Z,"{'id': 1027, 'name': 'Ethereum', 'symbol': 'ETH', 'slug': 'ethereum', 'token_address': '0x618e75ac90b12c6049ba3b27f5d5f8651b0037f6'}"
2215,2192,Energo,TSL,energo,1,2017-11-21T22:49:42.000Z,2023-06-07T04:29:00.000Z,
2222,556,Bitcoin Diamond,BCD,bitcoin-diamond,1,2017-11-24T16:34:38.000Z,2023-06-07T04:29:00.000Z,
2223,913,BLOCKv,VEE,blockv,1,2017-11-28T19:59:41.000Z,2023-06-07T04:29:00.000Z,"{'id': 1027, 'name': 'Ethereum', 'symbol': 'ETH', 'slug': 'ethereum', 'token_address': '0x340d2bde5eb28c1eed91b2f790723e3b160613b7'}"
2230,8371,MONK,MONK,monk,1,2017-11-26T00:59:51.000Z,2023-06-07T04:29:00.000Z,
2231,1732,Flixxo,FLIXX,flixxo,1,2017-11-26T00:59:52.000Z,2023-06-07T04:29:00.000Z,"{'id': 1027, 'name': 'Ethereum', 'symbol': 'ETH', 'slug': 'ethereum', 'token_address': '0xf04a8ac553fcedb5ba99a64799155826c136b0be'}"
2235,1366,Time New Bank,TNB,time-new-bank,1,2017-11-27T20:34:43.000Z,2023-06-07T04:29:00.000Z,"{'id': 1027, 'name': 'Ethereum', 'symbol': 'ETH', 'slug': 'ethereum', 'token_address': '0xf7920b0768ecb20a123fac32311d07d193381d6f'}"
2237,2389,EventChain,EVC,eventchain,1,2017-11-29T18:54:46.000Z,2023-06-07T04:29:00.000Z,"{'id': 1027, 'name': 'Ethereum', 'symbol': 'ETH', 'slug': 'ethereum', 'token_address': '0xb62d18dea74045e822352ce4b3ee77319dc5ff2f'}"
2241,2465,Ccore,CCO,ccore,1,2017-12-01T06:59:34.000Z,2023-06-07T04:29:00.000Z,"{'id': 1027, 'name': 'Ethereum', 'symbol': 'ETH', 'slug': 'ethereum', 'token_address': '0x679badc551626e01b23ceecefbc9b877ea18fc46'}"
2242,2095,Qbao,QBT,qbao,1,2017-12-03T15:49:47.000Z,2023-06-07T04:29:00.000Z,
2243,1152,Dragonchain,DRGN,dragonchain,1,2017-12-03T15:49:45.000Z,2023-06-07T04:29:00.000Z,"{'id': 1027, 'name': 'Ethereum', 'symbol': 'ETH', 'slug': 'ethereum', 'token_address': '0x419c4db4b9e25d6db2ad9691ccb832c8d9fda05e'}"
2245,655,Presearch,PRE,presearch,1,2017-12-05T06:24:43.000Z,2023-06-07T04:29:00.000Z,"{'id': 1027, 'name': 'Ethereum', 'symbol': 'ETH', 'slug': 'ethereum', 'token_address': '0xEC213F83defB583af3A000B1c0ada660b1902A0F'}"
2246,1340,CyberMiles,CMT,cybermiles,1,2017-12-06T03:19:47.000Z,2023-06-07T04:29:00.000Z,
2247,5011,BlockCDN,BCDN,blockcdn,1,2017-12-06T21:49:58.000Z,2023-06-07T04:29:00.000Z,"{'id': 1027, 'name': 'Ethereum', 'symbol': 'ETH', 'slug': 'ethereum', 'token_address': '0x1e797Ce986C3CFF4472F7D38d5C4aba55DfEFE40'}"
2248,1998,Cappasity,CAPP,cappasity,1,2017-12-06T21:49:58.000Z,2023-06-07T04:29:00.000Z,"{'id': 1027, 'name': 'Ethereum', 'symbol': 'ETH', 'slug': 'ethereum', 'token_address': '0x11613b1f840bb5A40F8866d857e24DA126B79D73'}"
2249,2287,Eroscoin,ERO,eroscoin,1,2017-12-06T21:49:58.000Z,2023-06-07T04:29:00.000Z,"{'id': 1027, 'name': 'Ethereum', 'symbol': 'ETH', 'slug': 'ethereum', 'token_address': '0x74ceda77281b339142a36817fa5f9e29412bab85'}"
2255,8741,Social Send,SEND,social-send,1,2017-12-06T21:49:58.000Z,2023-06-07T04:29:00.000Z,
2256,2505,Bonpay,BON,bonpay,1,2017-12-07T04:44:42.000Z,2023-06-07T04:29:00.000Z,"{'id': 1027, 'name': 'Ethereum', 'symbol': 'ETH', 'slug': 'ethereum', 'token_address': '0xcc34366e3842ca1bd36c1f324d15257960fcc801'}"
2267,2102,Wabi,WABI,wabi,1,2017-12-12T17:15:11.000Z,2023-06-07T04:29:00.000Z,"{'id': 1027, 'name': 'Ethereum', 'symbol': 'ETH', 'slug': 'ethereum', 'token_address': '0x286bda1413a2df81731d4930ce2f862a35a609fe'}"
2273,434,Uquid Coin,UQC,uquid-coin,1,2017-12-13T05:04:49.000Z,2023-06-07T04:29:00.000Z,"{'id': 1027, 'name': 'Ethereum', 'symbol': 'ETH', 'slug': 'ethereum', 'token_address': '0x8806926ab68eb5a7b909dcaf6fdbe5d93271d6e2'}"
2274,2039,MediShares,MDS,medishares,1,2017-12-13T05:04:50.000Z,2023-06-07T04:29:00.000Z,"{'id': 1027, 'name': 'Ethereum', 'symbol': 'ETH', 'slug': 'ethereum', 'token_address': '0x66186008C1050627F979d464eABb258860563dbE'}"
2276,1073,Ignis,IGNIS,ignis,1,2017-12-13T18:04:51.000Z,2023-06-07T04:29:00.000Z,
2277,1446,SmartMesh,SMT,smartmesh,1,2017-12-14T00:59:53.000Z,2023-06-07T04:29:00.000Z,"{'id': 1027, 'name': 'Ethereum', 'symbol': 'ETH', 'slug': 'ethereum', 'token_address': '0x55f93985431fc9304077687a35a1ba103dc1e081'}"
2279,2204,Playkey,PKT,playkey,1,2017-12-20T06:19:41.000Z,2023-06-07T04:29:00.000Z,"{'id': 1027, 'name': 'Ethereum', 'symbol': 'ETH', 'slug': 'ethereum', 'token_address': '0x2604fa406be957e542beb89e6754fcde6815e83f'}"
2280,32,Filecoin,FIL,filecoin,1,2017-12-13T20:40:00.000Z,2023-06-07T04:29:00.000Z,
2281,5171,BitcoinX,BCX,bitcoinx,1,2017-12-15T03:49:52.000Z,2023-06-07T04:29:00.000Z,
2282,4992,Super Bitcoin,SBTC,super-bitcoin,1,2017-12-15T04:19:50.000Z,2023-06-07T04:29:00.000Z,
2286,2360,MicroMoney,AMM,micromoney,1,2017-12-18T01:34:58.000Z,2023-06-07T04:29:00.000Z,"{'id': 1027, 'name': 'Ethereum', 'symbol': 'ETH', 'slug': 'ethereum', 'token_address': '0x8b1f49491477e0fb46a29fef53f1ea320d13c349'}"
2287,6230,LockTrip,LOC,lockchain,1,2017-12-18T01:34:58.000Z,2023-06-07T04:29:00.000Z,"{'id': 1027, 'name': 'Ethereum', 'symbol': 'ETH', 'slug': 'ethereum', 'token_address': '0x5e3346444010135322268a4630d2ed5f8d09446c'}"
2288,2292,Worldcore,WRC,worldcore,1,2017-12-18T01:34:58.000Z,2023-06-07T04:29:00.000Z,"{'id': 1027, 'name': 'Ethereum', 'symbol': 'ETH', 'slug': 'ethereum', 'token_address': '0x72adadb447784dd7ab1f472467750fc485e4cb2d'}"
2289,665,Gifto,GFT,gifto,1,2017-12-18T17:00:20.000Z,2023-06-07T04:29:00.000Z,"{'id': 1839, 'name': 'BNB', 'symbol': 'BNB', 'slug': 'bnb', 'token_address': '0x72fF5742319eF07061836F5C924aC6D72c919080'}"
2290,2248,YENTEN,YTN,yenten,1,2017-12-18T23:55:11.000Z,2023-06-07T04:29:00.000Z,
2291,1399,Genaro Network,GNX,genaro-network,1,2017-12-18T23:55:11.000Z,2023-06-07T04:29:00.000Z,"{'id': 1027, 'name': 'Ethereum', 'symbol': 'ETH', 'slug': 'ethereum', 'token_address': '0x6ec8a24cabdc339a06a172f8223ea557055adaa5'}"
2293,8742,United Bitcoin,UBTC,united-bitcoin,1,2017-12-18T23:55:10.000Z,2023-06-07T04:29:00.000Z,
2295,2183,Starbase,STAR,starbase,1,2017-12-20T20:14:49.000Z,2023-06-07T04:29:00.000Z,"{'id': 1027, 'name': 'Ethereum', 'symbol': 'ETH', 'slug': 'ethereum', 'token_address': '0xf70a642bd387f94380ffb90451c2c81d4eb82cbc'}"
2296,1781,OST,OST,ost,1,2017-12-19T19:14:44.000Z,2023-06-07T04:29:00.000Z,"{'id': 1027, 'name': 'Ethereum', 'symbol': 'ETH', 'slug': 'ethereum', 'token_address': '0x2c4e8f2d746113d0696ce89b35f0d8bf88e0aeca'}"
2297,419,StormX,STMX,stormx,1,2017-12-20T20:14:48.000Z,2023-06-07T04:29:00.000Z,"{'id': 1027, 'name': 'Ethereum', 'symbol': 'ETH', 'slug': 'ethereum', 'token_address': '0xa62cc35625b0c8dc1faea39d33625bb4c15bd71c'}"
2299,147,aelf,ELF,aelf,1,2017-12-21T19:04:48.000Z,2023-06-07T04:29:00.000Z,"{'id': 1027, 'name': 'Ethereum', 'symbol': 'ETH', 'slug': 'ethereum', 'token_address': '0xbf2179859fc6D5BEE9Bf9158632Dc51678a4100e'}"
2300,157,WAX,WAXP,wax,1,2017-12-21T19:04:48.000Z,2023-06-07T04:29:00.000Z,
2303,273,MediBloc,MED,medibloc,1,2017-12-22T20:25:02.000Z,2023-06-07T04:29:00.000Z,
2305,3921,NAGA,NGC,naga,1,2017-12-23T21:59:59.000Z,2023-06-07T04:29:00.000Z,"{'id': 1027, 'name': 'Ethereum', 'symbol': 'ETH', 'slug': 'ethereum', 'token_address': '0x72dd4b6bd852a3aa172be4d6c5a6dbec588cf131'}"
2306,1611,Bread,BRD,bread,1,2017-12-24T20:09:52.000Z,2023-06-07T04:29:00.000Z,"{'id': 1027, 'name': 'Ethereum', 'symbol': 'ETH', 'slug': 'ethereum', 'token_address': '0x558ec3152e2eb2174905cd19aea4e34a23de9ad6'}"
2307,1644,Bibox Token,BIX,bibox-token,1,2017-12-24T20:09:52.000Z,2023-06-07T04:29:00.000Z,"{'id': 1027, 'name': 'Ethereum', 'symbol': 'ETH', 'slug': 'ethereum', 'token_address': '0x009c43b42aefac590c719e971020575974122803'}"
2310,2158,Bounty0x,BNTY,bounty0x,1,2017-12-26T19:49:17.000Z,2023-06-07T04:29:00.000Z,"{'id': 1027, 'name': 'Ethereum', 'symbol': 'ETH', 'slug': 'ethereum', 'token_address': '0xd2d6158683aee4cc838067727209a0aaf4359de3'}"
2313,1519,SIRIN LABS Token,SRN,sirin-labs-token,1,2017-12-28T05:09:17.000Z,2023-06-07T04:29:00.000Z,"{'id': 1027, 'name': 'Ethereum', 'symbol': 'ETH', 'slug': 'ethereum', 'token_address': '0x68d57c9a1c35f63e2c83ee8e49a64e9d70528d25'}"
2315,1619,HTMLCOIN,HTML,html-coin,1,2017-12-28T18:39:18.000Z,2023-06-07T04:29:00.000Z,
2316,792,DeepBrain Chain,DBC,deepbrain-chain,1,2017-12-28T20:04:18.000Z,2023-06-07T04:29:00.000Z,
2318,8743,Neumark,NEU,neumark,1,2017-12-29T21:54:18.000Z,2023-06-07T04:29:00.000Z,"{'id': 1027, 'name': 'Ethereum', 'symbol': 'ETH', 'slug': 'ethereum', 'token_address': '0xa823e6722006afe99e91c30ff5295052fe6b8e32'}"
2320,409,Utrust,UTK,utrust,1,2017-12-29T19:44:18.000Z,2023-06-07T04:29:00.000Z,"{'id': 1027, 'name': 'Ethereum', 'symbol': 'ETH', 'slug': 'ethereum', 'token_address': '0xdc9Ac3C20D1ed0B540dF9b1feDC10039Df13F99c'}"
2323,1537,HEROcoin,PLAY,herocoin,1,2018-01-02T21:04:17.000Z,2023-06-07T04:29:00.000Z,"{'id': 1027, 'name': 'Ethereum', 'symbol': 'ETH', 'slug': 'ethereum', 'token_address': '0xe477292f1b3268687a29376116b0ed27a9c76170'}"
2324,935,BigONE Token,ONE,bigone-token,1,2017-12-31T19:14:17.000Z,2023-06-07T04:29:00.000Z,"{'id': 1027, 'name': 'Ethereum', 'symbol': 'ETH', 'slug': 'ethereum', 'token_address': '0x946551dd05c5abd7cc808927480225ce36d8c475'}"
2329,8744,Hyper Pay,HPY,hyper-pay,1,2018-01-01T19:24:19.000Z,2023-06-07T04:29:00.000Z,
2332,2620,STRAKS,STAK,straks,1,2018-01-01T19:54:18.000Z,2023-06-07T04:29:00.000Z,
2335,1414,Lightning Bitcoin,LBTC,lightning-bitcoin,1,2018-01-03T00:54:17.000Z,2023-06-07T04:29:00.000Z,
2336,1708,Game.com,GTC,game,1,2018-01-03T07:04:18.000Z,2023-06-07T04:29:00.000Z,"{'id': 1027, 'name': 'Ethereum', 'symbol': 'ETH', 'slug': 'ethereum', 'token_address': '0xB70835D7822eBB9426B56543E391846C107bd32C'}"
2337,1612,Lamden,TAU,lamden,1,2018-01-08T20:04:21.000Z,2023-06-07T04:29:00.000Z,
2341,1001,SwftCoin,SWFTC,swftcoin,1,2018-01-09T05:49:18.000Z,2023-06-07T04:29:00.000Z,"{'id': 1027, 'name': 'Ethereum', 'symbol': 'ETH', 'slug': 'ethereum', 'token_address': '0x0bb217E40F8a5Cb79Adf04E1aAb60E5abd0dfC1e'}"
2342,1150,Covesting,COV,covesting,1,2018-01-23T06:29:25.000Z,2023-06-07T04:29:00.000Z,"{'id': 1027, 'name': 'Ethereum', 'symbol': 'ETH', 'slug': 'ethereum', 'token_address': '0xada86b1b313d1d5267e3fc0bb303f0a2b66d0ea7'}"
2344,1638,AppCoins,APPC,appcoins,1,2018-01-08T15:44:18.000Z,2023-06-07T04:29:00.000Z,
2345,1678,High Performance Blockchain,HPB,high-performance-blockchain,1,2018-01-09T05:49:18.000Z,2023-06-07T04:29:00.000Z,
2346,958,WaykiChain,WICC,waykichain,1,2018-01-09T07:04:18.000Z,2023-06-07T04:29:00.000Z,
2348,484,Measurable Data Token,MDT,measurable-data-token,1,2018-01-09T06:24:18.000Z,2023-06-07T04:29:00.000Z,"{'id': 1027, 'name': 'Ethereum', 'symbol': 'ETH', 'slug': 'ethereum', 'token_address': '0x814e0908b12a99fecf5bc101bb5d0b8b5cdf7d26'}"
2349,8745,Mixin,XIN,mixin,1,2018-01-09T07:04:18.000Z,2023-06-07T04:29:00.000Z,"{'id': 1027, 'name': 'Ethereum', 'symbol': 'ETH', 'slug': 'ethereum', 'token_address': '0xa974c709cfb4566686553a20790685a47aceaa33'}"
2354,678,GET Protocol,GET,get-protocol,1,2018-01-11T06:34:18.000Z,2023-06-07T04:29:00.000Z,"{'id': 1027, 'name': 'Ethereum', 'symbol': 'ETH', 'slug': 'ethereum', 'token_address': '0x8a854288a5976036a725879164ca3e91d30c6a1b'}"
2359,2231,Polis,POLIS,polis,1,2018-01-11T06:34:19.000Z,2023-06-07T04:29:00.000Z,
2363,1723,Zap,ZAP,zap,1,2018-01-12T17:54:18.000Z,2023-06-07T04:29:00.000Z,"{'id': 1027, 'name': 'Ethereum', 'symbol': 'ETH', 'slug': 'ethereum', 'token_address': '0x6781a0f84c7e9e846dcb84a9a5bd49333067b104'}"
2364,1437,TokenClub,TCT,tokenclub,1,2018-01-11T06:34:19.000Z,2023-06-07T04:29:00.000Z,"{'id': 1027, 'name': 'Ethereum', 'symbol': 'ETH', 'slug': 'ethereum', 'token_address': '0x4824a7b64e3966b0133f4f4ffb1b9d6beb75fff7'}"
2367,2262,Aigang,AIX,aigang,1,2018-01-11T16:34:19.000Z,2023-06-07T04:29:00.000Z,"{'id': 1027, 'name': 'Ethereum', 'symbol': 'ETH', 'slug': 'ethereum', 'token_address': '0x1063ce524265d5a3a624f4914acd573dd89ce988'}"
2370,5003,Bitcoin God,GOD,bitcoin-god,1,2018-01-12T04:54:19.000Z,2023-06-07T04:29:00.000Z,
2371,8746,United Traders Token,UTT,uttoken,1,2018-01-11T20:09:19.000Z,2023-06-07T04:29:00.000Z,"{'id': 1027, 'name': 'Ethereum', 'symbol': 'ETH', 'slug': 'ethereum', 'token_address': '0x16f812be7fff02caf662b85d5d58a5da6572d4df'}"
